band,region,power,state,condition,subject
low_delta,mpta_wm_ref,140722.16524334584,NREM,recovery,Segundo
low_delta,sr_wm_ref,181195.814877951,NREM,recovery,Segundo
delta,mpta_wm_ref,484987.8108885667,NREM,recovery,Segundo
delta,sr_wm_ref,469521.8967436923,NREM,recovery,Segundo
theta,mpta_wm_ref,87388.59133746085,NREM,recovery,Segundo
theta,sr_wm_ref,357731.93370900024,NREM,recovery,Segundo
fast_gamma,mpta_wm_ref,1271.7951722344792,NREM,recovery,Segundo
fast_gamma,sr_wm_ref,6920.3920671773,NREM,recovery,Segundo
low_delta,mpta_wm_ref,17530.548413800632,wake,recovery,Segundo
low_delta,sr_wm_ref,82800.61245244897,wake,recovery,Segundo
delta,mpta_wm_ref,37543.66172646428,wake,recovery,Segundo
delta,sr_wm_ref,202673.02593135988,wake,recovery,Segundo
theta,mpta_wm_ref,16551.357727744322,wake,recovery,Segundo
theta,sr_wm_ref,255389.85726105818,wake,recovery,Segundo
fast_gamma,mpta_wm_ref,1532.0512023693655,wake,recovery,Segundo
fast_gamma,sr_wm_ref,5353.853230906767,wake,recovery,Segundo
low_delta,mpta_wm_ref,100625.53621103139,all-SPW-states,recovery,Segundo
low_delta,sr_wm_ref,149169.96740755168,all-SPW-states,recovery,Segundo
delta,mpta_wm_ref,339352.8843946911,all-SPW-states,recovery,Segundo
delta,sr_wm_ref,382667.4462865733,all-SPW-states,recovery,Segundo
theta,mpta_wm_ref,64332.361126161086,all-SPW-states,recovery,Segundo
theta,sr_wm_ref,324421.45058247406,all-SPW-states,recovery,Segundo
fast_gamma,mpta_wm_ref,1356.5037730492554,all-SPW-states,recovery,Segundo
fast_gamma,sr_wm_ref,6410.512188990745,all-SPW-states,recovery,Segundo
low_delta,mpta_wm_ref,157840.89212718638,NREM,early-recovery,Segundo
low_delta,sr_wm_ref,202175.34215217756,NREM,early-recovery,Segundo
delta,mpta_wm_ref,631891.815686498,NREM,early-recovery,Segundo
delta,sr_wm_ref,535910.5664242087,NREM,early-recovery,Segundo
theta,mpta_wm_ref,99891.17074758072,NREM,early-recovery,Segundo
theta,sr_wm_ref,388758.2409052378,NREM,early-recovery,Segundo
fast_gamma,mpta_wm_ref,1323.0278379370623,NREM,early-recovery,Segundo
fast_gamma,sr_wm_ref,7114.201435013737,NREM,early-recovery,Segundo
low_delta,mpta_wm_ref,14575.080399737757,wake,early-recovery,Segundo
low_delta,sr_wm_ref,83791.84059053707,wake,early-recovery,Segundo
delta,mpta_wm_ref,30487.67024585994,wake,early-recovery,Segundo
delta,sr_wm_ref,203098.26691338548,wake,early-recovery,Segundo
theta,mpta_wm_ref,14151.06501740467,wake,early-recovery,Segundo
theta,sr_wm_ref,256893.2048883105,wake,early-recovery,Segundo
fast_gamma,mpta_wm_ref,1533.957938006634,wake,early-recovery,Segundo
fast_gamma,sr_wm_ref,5162.8139786981465,wake,early-recovery,Segundo
low_delta,mpta_wm_ref,108520.80707214893,all-SPW-states,early-recovery,Segundo
low_delta,sr_wm_ref,178497.1797971163,all-SPW-states,early-recovery,Segundo
delta,mpta_wm_ref,443860.22959656874,all-SPW-states,early-recovery,Segundo
delta,sr_wm_ref,459842.3828832285,all-SPW-states,early-recovery,Segundo
theta,mpta_wm_ref,79064.62912466309,all-SPW-states,early-recovery,Segundo
theta,sr_wm_ref,378419.568480961,all-SPW-states,early-recovery,Segundo
fast_gamma,mpta_wm_ref,1484.2295248609162,all-SPW-states,early-recovery,Segundo
fast_gamma,sr_wm_ref,7255.8353665517825,all-SPW-states,early-recovery,Segundo
low_delta,mpta_wm_ref,109919.55538805305,NREM,late-recovery,Segundo
low_delta,sr_wm_ref,152853.17953933612,NREM,late-recovery,Segundo
delta,mpta_wm_ref,316623.6289925755,NREM,late-recovery,Segundo
delta,sr_wm_ref,396404.64757485065,NREM,late-recovery,Segundo
theta,mpta_wm_ref,76448.09030426209,NREM,late-recovery,Segundo
theta,sr_wm_ref,340961.4875085736,NREM,late-recovery,Segundo
fast_gamma,mpta_wm_ref,1279.7373520630354,NREM,late-recovery,Segundo
fast_gamma,sr_wm_ref,7119.286162220097,NREM,late-recovery,Segundo
low_delta,mpta_wm_ref,23216.190542417957,wake,late-recovery,Segundo
low_delta,sr_wm_ref,80664.82623901633,wake,late-recovery,Segundo
delta,mpta_wm_ref,51091.33198537632,wake,late-recovery,Segundo
delta,sr_wm_ref,207029.08331414018,wake,late-recovery,Segundo
theta,mpta_wm_ref,20822.331423850523,wake,late-recovery,Segundo
theta,sr_wm_ref,261591.26612593382,wake,late-recovery,Segundo
fast_gamma,mpta_wm_ref,1502.634997753833,wake,late-recovery,Segundo
fast_gamma,sr_wm_ref,5452.839946944502,wake,late-recovery,Segundo
low_delta,mpta_wm_ref,53959.3275466858,all-SPW-states,late-recovery,Segundo
low_delta,sr_wm_ref,116833.1911240002,all-SPW-states,late-recovery,Segundo
delta,mpta_wm_ref,139137.8062525197,all-SPW-states,late-recovery,Segundo
delta,sr_wm_ref,295668.8474700987,all-SPW-states,late-recovery,Segundo
theta,mpta_wm_ref,44497.62685850864,all-SPW-states,late-recovery,Segundo
theta,sr_wm_ref,296412.8403749527,all-SPW-states,late-recovery,Segundo
fast_gamma,mpta_wm_ref,1446.0273077332752,all-SPW-states,late-recovery,Segundo
fast_gamma,sr_wm_ref,6674.162631028119,all-SPW-states,late-recovery,Segundo
low_delta,mpta_wm_ref,156046.11133029868,NREM,first2h-recovery,Segundo
low_delta,sr_wm_ref,197375.86076588143,NREM,first2h-recovery,Segundo
delta,mpta_wm_ref,575776.1785643346,NREM,first2h-recovery,Segundo
delta,sr_wm_ref,508625.61330154573,NREM,first2h-recovery,Segundo
theta,mpta_wm_ref,93250.71808079674,NREM,first2h-recovery,Segundo
theta,sr_wm_ref,368537.18511114625,NREM,first2h-recovery,Segundo
fast_gamma,mpta_wm_ref,1274.0410114938845,NREM,first2h-recovery,Segundo
fast_gamma,sr_wm_ref,6784.826993166867,NREM,first2h-recovery,Segundo
low_delta,mpta_wm_ref,17530.548413800632,wake,first2h-recovery,Segundo
low_delta,sr_wm_ref,82800.61245244897,wake,first2h-recovery,Segundo
delta,mpta_wm_ref,37543.66172646428,wake,first2h-recovery,Segundo
delta,sr_wm_ref,202673.02593135988,wake,first2h-recovery,Segundo
theta,mpta_wm_ref,16551.357727744322,wake,first2h-recovery,Segundo
theta,sr_wm_ref,255389.85726105818,wake,first2h-recovery,Segundo
fast_gamma,mpta_wm_ref,1532.0512023693655,wake,first2h-recovery,Segundo
fast_gamma,sr_wm_ref,5353.853230906767,wake,first2h-recovery,Segundo
low_delta,mpta_wm_ref,134703.0195607751,all-SPW-states,first2h-recovery,Segundo
low_delta,sr_wm_ref,181347.8988618289,all-SPW-states,first2h-recovery,Segundo
delta,mpta_wm_ref,505001.5814844878,all-SPW-states,first2h-recovery,Segundo
delta,sr_wm_ref,467001.6201145784,all-SPW-states,first2h-recovery,Segundo
theta,mpta_wm_ref,83243.87570777697,all-SPW-states,first2h-recovery,Segundo
theta,sr_wm_ref,358702.37055316276,all-SPW-states,first2h-recovery,Segundo
fast_gamma,mpta_wm_ref,1360.361763519291,all-SPW-states,first2h-recovery,Segundo
fast_gamma,sr_wm_ref,6532.491445215703,all-SPW-states,first2h-recovery,Segundo
low_delta,mpta_wm_ref,88483.50942190397,NREM,baseline-light-period,Segundo
low_delta,sr_wm_ref,158317.87500661728,NREM,baseline-light-period,Segundo
delta,mpta_wm_ref,248743.67011920628,NREM,baseline-light-period,Segundo
delta,sr_wm_ref,386944.09754635725,NREM,baseline-light-period,Segundo
theta,mpta_wm_ref,71434.08928614827,NREM,baseline-light-period,Segundo
theta,sr_wm_ref,312591.53521098883,NREM,baseline-light-period,Segundo
fast_gamma,mpta_wm_ref,1161.0954778904852,NREM,baseline-light-period,Segundo
fast_gamma,sr_wm_ref,6104.508594583952,NREM,baseline-light-period,Segundo
low_delta,mpta_wm_ref,13868.57296065803,wake,baseline-light-period,Segundo
low_delta,sr_wm_ref,65990.60321804223,wake,baseline-light-period,Segundo
delta,mpta_wm_ref,25724.628195297664,wake,baseline-light-period,Segundo
delta,sr_wm_ref,157797.26715098455,wake,baseline-light-period,Segundo
theta,mpta_wm_ref,13081.923987333512,wake,baseline-light-period,Segundo
theta,sr_wm_ref,218748.07120528823,wake,baseline-light-period,Segundo
fast_gamma,mpta_wm_ref,1345.7581560614283,wake,baseline-light-period,Segundo
fast_gamma,sr_wm_ref,4094.211374362864,wake,baseline-light-period,Segundo
low_delta,mpta_wm_ref,61923.220590302786,all-SPW-states,baseline-light-period,Segundo
low_delta,sr_wm_ref,125452.6187718686,all-SPW-states,baseline-light-period,Segundo
delta,mpta_wm_ref,169356.74774981485,all-SPW-states,baseline-light-period,Segundo
delta,sr_wm_ref,305375.89835197735,all-SPW-states,baseline-light-period,Segundo
theta,mpta_wm_ref,50662.77408050119,all-SPW-states,baseline-light-period,Segundo
theta,sr_wm_ref,279186.5679596387,all-SPW-states,baseline-light-period,Segundo
fast_gamma,mpta_wm_ref,1226.8288859888003,all-SPW-states,baseline-light-period,Segundo
fast_gamma,sr_wm_ref,5388.913603302664,all-SPW-states,baseline-light-period,Segundo
low_delta,mpta_wm_ref,63789.17437101026,NREM,first2h-recovery-match,Segundo
low_delta,sr_wm_ref,145745.12069725717,NREM,first2h-recovery-match,Segundo
delta,mpta_wm_ref,141305.89687096537,NREM,first2h-recovery-match,Segundo
delta,sr_wm_ref,346050.8966226494,NREM,first2h-recovery-match,Segundo
theta,mpta_wm_ref,54963.04619310686,NREM,first2h-recovery-match,Segundo
theta,sr_wm_ref,309637.6869767536,NREM,first2h-recovery-match,Segundo
fast_gamma,mpta_wm_ref,1236.9343326376977,NREM,first2h-recovery-match,Segundo
fast_gamma,sr_wm_ref,6365.375824353894,NREM,first2h-recovery-match,Segundo
low_delta,mpta_wm_ref,12417.890291975087,wake,first2h-recovery-match,Segundo
low_delta,sr_wm_ref,60891.88330328092,wake,first2h-recovery-match,Segundo
delta,mpta_wm_ref,21740.158810152756,wake,first2h-recovery-match,Segundo
delta,sr_wm_ref,145398.62197271746,wake,first2h-recovery-match,Segundo
theta,mpta_wm_ref,11115.080153485182,wake,first2h-recovery-match,Segundo
theta,sr_wm_ref,209755.32828936412,wake,first2h-recovery-match,Segundo
fast_gamma,mpta_wm_ref,1374.226837235821,wake,first2h-recovery-match,Segundo
fast_gamma,sr_wm_ref,4065.0398049143223,wake,first2h-recovery-match,Segundo
low_delta,mpta_wm_ref,47634.05964590607,all-SPW-states,first2h-recovery-match,Segundo
low_delta,sr_wm_ref,118933.13089324211,all-SPW-states,first2h-recovery-match,Segundo
delta,mpta_wm_ref,104301.84344533959,all-SPW-states,first2h-recovery-match,Segundo
delta,sr_wm_ref,279499.67886956054,all-SPW-states,first2h-recovery-match,Segundo
theta,mpta_wm_ref,40272.935323027916,all-SPW-states,first2h-recovery-match,Segundo
theta,sr_wm_ref,277024.94338367064,all-SPW-states,first2h-recovery-match,Segundo
fast_gamma,mpta_wm_ref,1251.6977724759872,all-SPW-states,first2h-recovery-match,Segundo
fast_gamma,sr_wm_ref,5401.197057848056,all-SPW-states,first2h-recovery-match,Segundo
low_delta,mpta_wm_ref,109766.23807911495,NREM,deprivation,Segundo
low_delta,sr_wm_ref,209042.2705157063,NREM,deprivation,Segundo
delta,mpta_wm_ref,574140.6035850149,NREM,deprivation,Segundo
delta,sr_wm_ref,600989.1631757987,NREM,deprivation,Segundo
theta,mpta_wm_ref,118136.84637819247,NREM,deprivation,Segundo
theta,sr_wm_ref,425824.27626842336,NREM,deprivation,Segundo
fast_gamma,mpta_wm_ref,1443.4711057769207,NREM,deprivation,Segundo
fast_gamma,sr_wm_ref,8521.158926822623,NREM,deprivation,Segundo
low_delta,mpta_wm_ref,11667.748230643725,wake,deprivation,Segundo
low_delta,sr_wm_ref,74621.15553437498,wake,deprivation,Segundo
delta,mpta_wm_ref,21547.547347994605,wake,deprivation,Segundo
delta,sr_wm_ref,183662.7356201127,wake,deprivation,Segundo
theta,mpta_wm_ref,11424.364319668457,wake,deprivation,Segundo
theta,sr_wm_ref,230616.26104424006,wake,deprivation,Segundo
fast_gamma,mpta_wm_ref,1908.4860271217567,wake,deprivation,Segundo
fast_gamma,sr_wm_ref,6732.125110966223,wake,deprivation,Segundo
low_delta,mpta_wm_ref,15590.047838683764,all-SPW-states,deprivation,Segundo
low_delta,sr_wm_ref,79995.75291521117,all-SPW-states,deprivation,Segundo
delta,mpta_wm_ref,43642.03148564089,all-SPW-states,deprivation,Segundo
delta,sr_wm_ref,200348.81596400813,all-SPW-states,deprivation,Segundo
theta,mpta_wm_ref,15691.079609553713,all-SPW-states,deprivation,Segundo
theta,sr_wm_ref,238421.31821466956,all-SPW-states,deprivation,Segundo
fast_gamma,mpta_wm_ref,1889.8932042705496,all-SPW-states,deprivation,Segundo
fast_gamma,sr_wm_ref,6803.656554982765,all-SPW-states,deprivation,Segundo
low_delta,mpta_wm_ref,109766.23807911495,NREM,early-deprivation,Segundo
low_delta,sr_wm_ref,209042.2705157063,NREM,early-deprivation,Segundo
delta,mpta_wm_ref,574140.6035850149,NREM,early-deprivation,Segundo
delta,sr_wm_ref,600989.1631757987,NREM,early-deprivation,Segundo
theta,mpta_wm_ref,118136.84637819247,NREM,early-deprivation,Segundo
theta,sr_wm_ref,425824.27626842336,NREM,early-deprivation,Segundo
fast_gamma,mpta_wm_ref,1443.4711057769207,NREM,early-deprivation,Segundo
fast_gamma,sr_wm_ref,8521.158926822623,NREM,early-deprivation,Segundo
low_delta,mpta_wm_ref,10955.573373893587,wake,early-deprivation,Segundo
low_delta,sr_wm_ref,63889.48452516289,wake,early-deprivation,Segundo
delta,mpta_wm_ref,18046.708884527434,wake,early-deprivation,Segundo
delta,sr_wm_ref,145132.57794029027,wake,early-deprivation,Segundo
theta,mpta_wm_ref,8185.493203577843,wake,early-deprivation,Segundo
theta,sr_wm_ref,198782.03357374377,wake,early-deprivation,Segundo
fast_gamma,mpta_wm_ref,1738.0963251396356,wake,early-deprivation,Segundo
fast_gamma,sr_wm_ref,5229.574111239629,wake,early-deprivation,Segundo
low_delta,mpta_wm_ref,10955.573373893587,all-SPW-states,early-deprivation,Segundo
low_delta,sr_wm_ref,63889.48452516289,all-SPW-states,early-deprivation,Segundo
delta,mpta_wm_ref,18046.708884527434,all-SPW-states,early-deprivation,Segundo
delta,sr_wm_ref,145132.57794029027,all-SPW-states,early-deprivation,Segundo
theta,mpta_wm_ref,8185.493203577843,all-SPW-states,early-deprivation,Segundo
theta,sr_wm_ref,198782.03357374377,all-SPW-states,early-deprivation,Segundo
fast_gamma,mpta_wm_ref,1738.0963251396356,all-SPW-states,early-deprivation,Segundo
fast_gamma,sr_wm_ref,5229.574111239629,all-SPW-states,early-deprivation,Segundo
low_delta,mpta_wm_ref,109766.23807911495,NREM,late-deprivation,Segundo
low_delta,sr_wm_ref,209042.2705157063,NREM,late-deprivation,Segundo
delta,mpta_wm_ref,574140.6035850149,NREM,late-deprivation,Segundo
delta,sr_wm_ref,600989.1631757987,NREM,late-deprivation,Segundo
theta,mpta_wm_ref,118136.84637819247,NREM,late-deprivation,Segundo
theta,sr_wm_ref,425824.27626842336,NREM,late-deprivation,Segundo
fast_gamma,mpta_wm_ref,1443.4711057769207,NREM,late-deprivation,Segundo
fast_gamma,sr_wm_ref,8521.158926822623,NREM,late-deprivation,Segundo
low_delta,mpta_wm_ref,12322.483290397491,wake,late-deprivation,Segundo
low_delta,sr_wm_ref,93335.38976586438,wake,late-deprivation,Segundo
delta,mpta_wm_ref,27118.416661268886,wake,late-deprivation,Segundo
delta,sr_wm_ref,230982.29017301177,wake,late-deprivation,Segundo
theta,mpta_wm_ref,14392.856098527442,wake,late-deprivation,Segundo
theta,sr_wm_ref,262208.43168403965,wake,late-deprivation,Segundo
fast_gamma,mpta_wm_ref,1982.2939535161072,wake,late-deprivation,Segundo
fast_gamma,sr_wm_ref,7754.671037212284,wake,late-deprivation,Segundo
low_delta,mpta_wm_ref,37604.38289638505,all-SPW-states,late-deprivation,Segundo
low_delta,sr_wm_ref,118281.74829656756,all-SPW-states,late-deprivation,Segundo
delta,mpta_wm_ref,168745.3532334115,all-SPW-states,late-deprivation,Segundo
delta,sr_wm_ref,311175.2329835034,all-SPW-states,late-deprivation,Segundo
theta,mpta_wm_ref,40669.03642744168,all-SPW-states,late-deprivation,Segundo
theta,sr_wm_ref,303079.3028848875,all-SPW-states,late-deprivation,Segundo
fast_gamma,mpta_wm_ref,1853.622396344688,all-SPW-states,late-deprivation,Segundo
fast_gamma,sr_wm_ref,7877.992166485222,all-SPW-states,late-deprivation,Segundo
low_delta,mpta_wm_ref,47377.18520400606,NREM,recovery,Valentino
low_delta,sr_wm_ref,256218.18283669226,NREM,recovery,Valentino
delta,mpta_wm_ref,129008.22393735834,NREM,recovery,Valentino
delta,sr_wm_ref,530555.390215612,NREM,recovery,Valentino
theta,mpta_wm_ref,46663.17556979856,NREM,recovery,Valentino
theta,sr_wm_ref,277312.6219443141,NREM,recovery,Valentino
fast_gamma,mpta_wm_ref,1217.292453908963,NREM,recovery,Valentino
fast_gamma,sr_wm_ref,9832.21245247769,NREM,recovery,Valentino
low_delta,mpta_wm_ref,11617.3075068533,wake,recovery,Valentino
low_delta,sr_wm_ref,151451.02906872178,wake,recovery,Valentino
delta,mpta_wm_ref,25500.1946498807,wake,recovery,Valentino
delta,sr_wm_ref,295924.38094118604,wake,recovery,Valentino
theta,mpta_wm_ref,14274.889325234246,wake,recovery,Valentino
theta,sr_wm_ref,186150.03832363716,wake,recovery,Valentino
fast_gamma,mpta_wm_ref,1403.063598625293,wake,recovery,Valentino
fast_gamma,sr_wm_ref,5956.146774426864,wake,recovery,Valentino
low_delta,mpta_wm_ref,37336.61479227854,all-SPW-states,recovery,Valentino
low_delta,sr_wm_ref,226801.9193597244,all-SPW-states,recovery,Valentino
delta,mpta_wm_ref,99945.49433180311,all-SPW-states,recovery,Valentino
delta,sr_wm_ref,464676.2731407205,all-SPW-states,recovery,Valentino
theta,mpta_wm_ref,37569.27230458602,all-SPW-states,recovery,Valentino
theta,sr_wm_ref,251716.21617609006,all-SPW-states,recovery,Valentino
fast_gamma,mpta_wm_ref,1269.4528185161457,all-SPW-states,recovery,Valentino
fast_gamma,sr_wm_ref,8743.900275055192,all-SPW-states,recovery,Valentino
low_delta,mpta_wm_ref,51680.564933097005,NREM,early-recovery,Valentino
low_delta,sr_wm_ref,264008.1903150064,NREM,early-recovery,Valentino
delta,mpta_wm_ref,157359.66412341825,NREM,early-recovery,Valentino
delta,sr_wm_ref,572600.0568565348,NREM,early-recovery,Valentino
theta,mpta_wm_ref,50696.81867189853,NREM,early-recovery,Valentino
theta,sr_wm_ref,272186.2642202826,NREM,early-recovery,Valentino
fast_gamma,mpta_wm_ref,1285.780234186908,NREM,early-recovery,Valentino
fast_gamma,sr_wm_ref,11031.735735922253,NREM,early-recovery,Valentino
low_delta,mpta_wm_ref,13024.932835541933,wake,early-recovery,Valentino
low_delta,sr_wm_ref,161203.95701864472,wake,early-recovery,Valentino
delta,mpta_wm_ref,30085.254396248107,wake,early-recovery,Valentino
delta,sr_wm_ref,327622.78917716467,wake,early-recovery,Valentino
theta,mpta_wm_ref,15650.445919484157,wake,early-recovery,Valentino
theta,sr_wm_ref,192565.7169592053,wake,early-recovery,Valentino
fast_gamma,mpta_wm_ref,1375.0837396135123,wake,early-recovery,Valentino
fast_gamma,sr_wm_ref,5990.352209607106,wake,early-recovery,Valentino
low_delta,mpta_wm_ref,43861.291234696415,all-SPW-states,early-recovery,Valentino
low_delta,sr_wm_ref,241137.0900741278,all-SPW-states,early-recovery,Valentino
delta,mpta_wm_ref,132651.23198870986,all-SPW-states,early-recovery,Valentino
delta,sr_wm_ref,524612.0414712344,all-SPW-states,early-recovery,Valentino
theta,mpta_wm_ref,44728.08677930153,all-SPW-states,early-recovery,Valentino
theta,sr_wm_ref,257031.27435609497,all-SPW-states,early-recovery,Valentino
fast_gamma,mpta_wm_ref,1406.6647594938413,all-SPW-states,early-recovery,Valentino
fast_gamma,sr_wm_ref,10607.098820483963,all-SPW-states,early-recovery,Valentino
low_delta,mpta_wm_ref,34527.87842512164,NREM,late-recovery,Valentino
low_delta,sr_wm_ref,226750.81020305242,NREM,late-recovery,Valentino
delta,mpta_wm_ref,85482.77617901724,NREM,late-recovery,Valentino
delta,sr_wm_ref,465940.759455648,NREM,late-recovery,Valentino
theta,mpta_wm_ref,45476.765925008694,NREM,late-recovery,Valentino
theta,sr_wm_ref,287447.17970577,NREM,late-recovery,Valentino
fast_gamma,mpta_wm_ref,1271.3380087239866,NREM,late-recovery,Valentino
fast_gamma,sr_wm_ref,9571.394905736033,NREM,late-recovery,Valentino
low_delta,mpta_wm_ref,12262.445017155254,wake,late-recovery,Valentino
low_delta,sr_wm_ref,151825.5196936644,wake,late-recovery,Valentino
delta,mpta_wm_ref,26570.039911342403,wake,late-recovery,Valentino
delta,sr_wm_ref,286395.2442990367,wake,late-recovery,Valentino
theta,mpta_wm_ref,14753.442392469684,wake,late-recovery,Valentino
theta,sr_wm_ref,189838.41255034524,wake,late-recovery,Valentino
fast_gamma,mpta_wm_ref,1360.8685555034747,wake,late-recovery,Valentino
fast_gamma,sr_wm_ref,6023.549508222876,wake,late-recovery,Valentino
low_delta,mpta_wm_ref,19204.721592489328,all-SPW-states,late-recovery,Valentino
low_delta,sr_wm_ref,183982.27792056746,all-SPW-states,late-recovery,Valentino
delta,mpta_wm_ref,44799.41701277393,all-SPW-states,late-recovery,Valentino
delta,sr_wm_ref,347631.0412135057,all-SPW-states,late-recovery,Valentino
theta,mpta_wm_ref,27153.880986981294,all-SPW-states,late-recovery,Valentino
theta,sr_wm_ref,223518.2647354591,all-SPW-states,late-recovery,Valentino
fast_gamma,mpta_wm_ref,1386.5471499854375,all-SPW-states,late-recovery,Valentino
fast_gamma,sr_wm_ref,7314.2307896393495,all-SPW-states,late-recovery,Valentino
low_delta,mpta_wm_ref,55469.37822201475,NREM,first2h-recovery,Valentino
low_delta,sr_wm_ref,274715.9209976142,NREM,first2h-recovery,Valentino
delta,mpta_wm_ref,158039.03743207207,NREM,first2h-recovery,Valentino
delta,sr_wm_ref,573600.2394499186,NREM,first2h-recovery,Valentino
theta,mpta_wm_ref,49253.645010654676,NREM,first2h-recovery,Valentino
theta,sr_wm_ref,273831.46769969695,NREM,first2h-recovery,Valentino
fast_gamma,mpta_wm_ref,1209.2910523462433,NREM,first2h-recovery,Valentino
fast_gamma,sr_wm_ref,10092.754517277226,NREM,first2h-recovery,Valentino
low_delta,mpta_wm_ref,11617.3075068533,wake,first2h-recovery,Valentino
low_delta,sr_wm_ref,151451.02906872178,wake,first2h-recovery,Valentino
delta,mpta_wm_ref,25500.1946498807,wake,first2h-recovery,Valentino
delta,sr_wm_ref,295924.38094118604,wake,first2h-recovery,Valentino
theta,mpta_wm_ref,14274.889325234246,wake,first2h-recovery,Valentino
theta,sr_wm_ref,186150.03832363716,wake,first2h-recovery,Valentino
fast_gamma,mpta_wm_ref,1403.063598625293,wake,first2h-recovery,Valentino
fast_gamma,sr_wm_ref,5956.146774426864,wake,first2h-recovery,Valentino
low_delta,mpta_wm_ref,48333.73589453797,all-SPW-states,first2h-recovery,Valentino
low_delta,sr_wm_ref,251543.65812867845,all-SPW-states,first2h-recovery,Valentino
delta,mpta_wm_ref,140595.5851198507,all-SPW-states,first2h-recovery,Valentino
delta,sr_wm_ref,532401.7793600503,all-SPW-states,first2h-recovery,Valentino
theta,mpta_wm_ref,43899.15006043472,all-SPW-states,first2h-recovery,Valentino
theta,sr_wm_ref,255116.77564133704,all-SPW-states,first2h-recovery,Valentino
fast_gamma,mpta_wm_ref,1283.4567269627566,all-SPW-states,first2h-recovery,Valentino
fast_gamma,sr_wm_ref,9690.98918165479,all-SPW-states,first2h-recovery,Valentino
low_delta,mpta_wm_ref,42978.09416438734,NREM,baseline-light-period,Valentino
low_delta,sr_wm_ref,220880.9974581486,NREM,baseline-light-period,Valentino
delta,mpta_wm_ref,92902.26280445079,NREM,baseline-light-period,Valentino
delta,sr_wm_ref,423927.44036798785,NREM,baseline-light-period,Valentino
theta,mpta_wm_ref,29509.669273558982,NREM,baseline-light-period,Valentino
theta,sr_wm_ref,242158.84618779988,NREM,baseline-light-period,Valentino
fast_gamma,mpta_wm_ref,881.121793792012,NREM,baseline-light-period,Valentino
fast_gamma,sr_wm_ref,8628.437189876291,NREM,baseline-light-period,Valentino
low_delta,mpta_wm_ref,8686.266104946406,wake,baseline-light-period,Valentino
low_delta,sr_wm_ref,108466.46039706888,wake,baseline-light-period,Valentino
delta,mpta_wm_ref,15434.7135732525,wake,baseline-light-period,Valentino
delta,sr_wm_ref,206056.3396706915,wake,baseline-light-period,Valentino
theta,mpta_wm_ref,7751.970260396851,wake,baseline-light-period,Valentino
theta,sr_wm_ref,161803.77873522817,wake,baseline-light-period,Valentino
fast_gamma,mpta_wm_ref,930.733102572719,wake,baseline-light-period,Valentino
fast_gamma,sr_wm_ref,4906.976093851105,wake,baseline-light-period,Valentino
low_delta,mpta_wm_ref,29253.214387408752,all-SPW-states,baseline-light-period,Valentino
low_delta,sr_wm_ref,175888.47026847344,all-SPW-states,baseline-light-period,Valentino
delta,mpta_wm_ref,61896.834981461,all-SPW-states,baseline-light-period,Valentino
delta,sr_wm_ref,336727.2287384082,all-SPW-states,baseline-light-period,Valentino
theta,mpta_wm_ref,20801.419521993885,all-SPW-states,baseline-light-period,Valentino
theta,sr_wm_ref,209997.7249333169,all-SPW-states,baseline-light-period,Valentino
fast_gamma,mpta_wm_ref,900.9781061301424,all-SPW-states,baseline-light-period,Valentino
fast_gamma,sr_wm_ref,7138.968443879016,all-SPW-states,baseline-light-period,Valentino
low_delta,mpta_wm_ref,31894.153367474282,NREM,first2h-recovery-match,Valentino
low_delta,sr_wm_ref,217534.18639366908,NREM,first2h-recovery-match,Valentino
delta,mpta_wm_ref,62114.33787495998,NREM,first2h-recovery-match,Valentino
delta,sr_wm_ref,421234.84744763636,NREM,first2h-recovery-match,Valentino
theta,mpta_wm_ref,23995.82025461661,NREM,first2h-recovery-match,Valentino
theta,sr_wm_ref,254446.35892259367,NREM,first2h-recovery-match,Valentino
fast_gamma,mpta_wm_ref,912.5265489279151,NREM,first2h-recovery-match,Valentino
fast_gamma,sr_wm_ref,9187.813620603305,NREM,first2h-recovery-match,Valentino
low_delta,mpta_wm_ref,7989.561534122963,wake,first2h-recovery-match,Valentino
low_delta,sr_wm_ref,104019.38717026425,wake,first2h-recovery-match,Valentino
delta,mpta_wm_ref,14194.598286590977,wake,first2h-recovery-match,Valentino
delta,sr_wm_ref,198153.17972966377,wake,first2h-recovery-match,Valentino
theta,mpta_wm_ref,7584.756955172192,wake,first2h-recovery-match,Valentino
theta,sr_wm_ref,165162.9596089291,wake,first2h-recovery-match,Valentino
fast_gamma,mpta_wm_ref,937.1050746119253,wake,first2h-recovery-match,Valentino
fast_gamma,sr_wm_ref,4780.783590022585,wake,first2h-recovery-match,Valentino
low_delta,mpta_wm_ref,24901.66533983416,all-SPW-states,first2h-recovery-match,Valentino
low_delta,sr_wm_ref,171292.21008135143,all-SPW-states,first2h-recovery-match,Valentino
delta,mpta_wm_ref,47322.62368466688,all-SPW-states,first2h-recovery-match,Valentino
delta,sr_wm_ref,335910.54350389325,all-SPW-states,first2h-recovery-match,Valentino
theta,mpta_wm_ref,17913.048642860158,all-SPW-states,first2h-recovery-match,Valentino
theta,sr_wm_ref,226993.1514364232,all-SPW-states,first2h-recovery-match,Valentino
fast_gamma,mpta_wm_ref,918.7004358079877,all-SPW-states,first2h-recovery-match,Valentino
fast_gamma,sr_wm_ref,7567.153687987181,all-SPW-states,first2h-recovery-match,Valentino
low_delta,mpta_wm_ref,,NREM,deprivation,Valentino
low_delta,sr_wm_ref,,NREM,deprivation,Valentino
delta,mpta_wm_ref,,NREM,deprivation,Valentino
delta,sr_wm_ref,,NREM,deprivation,Valentino
theta,mpta_wm_ref,,NREM,deprivation,Valentino
theta,sr_wm_ref,,NREM,deprivation,Valentino
fast_gamma,mpta_wm_ref,,NREM,deprivation,Valentino
fast_gamma,sr_wm_ref,,NREM,deprivation,Valentino
low_delta,mpta_wm_ref,6350.634756403889,wake,deprivation,Valentino
low_delta,sr_wm_ref,110318.63859112748,wake,deprivation,Valentino
delta,mpta_wm_ref,13844.942881571233,wake,deprivation,Valentino
delta,sr_wm_ref,239242.5927964832,wake,deprivation,Valentino
theta,mpta_wm_ref,9774.820581837426,wake,deprivation,Valentino
theta,sr_wm_ref,153836.2710707478,wake,deprivation,Valentino
fast_gamma,mpta_wm_ref,1577.2165865948882,wake,deprivation,Valentino
fast_gamma,sr_wm_ref,6860.611325214702,wake,deprivation,Valentino
low_delta,mpta_wm_ref,6350.634756403889,all-SPW-states,deprivation,Valentino
low_delta,sr_wm_ref,110318.63859112748,all-SPW-states,deprivation,Valentino
delta,mpta_wm_ref,13844.942881571233,all-SPW-states,deprivation,Valentino
delta,sr_wm_ref,239242.5927964832,all-SPW-states,deprivation,Valentino
theta,mpta_wm_ref,9774.820581837426,all-SPW-states,deprivation,Valentino
theta,sr_wm_ref,153836.2710707478,all-SPW-states,deprivation,Valentino
fast_gamma,mpta_wm_ref,1577.2165865948882,all-SPW-states,deprivation,Valentino
fast_gamma,sr_wm_ref,6860.611325214702,all-SPW-states,deprivation,Valentino
low_delta,mpta_wm_ref,,NREM,early-deprivation,Valentino
low_delta,sr_wm_ref,,NREM,early-deprivation,Valentino
delta,mpta_wm_ref,,NREM,early-deprivation,Valentino
delta,sr_wm_ref,,NREM,early-deprivation,Valentino
theta,mpta_wm_ref,,NREM,early-deprivation,Valentino
theta,sr_wm_ref,,NREM,early-deprivation,Valentino
fast_gamma,mpta_wm_ref,,NREM,early-deprivation,Valentino
fast_gamma,sr_wm_ref,,NREM,early-deprivation,Valentino
low_delta,mpta_wm_ref,5202.569940788921,wake,early-deprivation,Valentino
low_delta,sr_wm_ref,96130.83282899685,wake,early-deprivation,Valentino
delta,mpta_wm_ref,11021.9628075896,wake,early-deprivation,Valentino
delta,sr_wm_ref,195386.6235814828,wake,early-deprivation,Valentino
theta,mpta_wm_ref,8189.256251927017,wake,early-deprivation,Valentino
theta,sr_wm_ref,148503.93182492614,wake,early-deprivation,Valentino
fast_gamma,mpta_wm_ref,1179.582788857517,wake,early-deprivation,Valentino
fast_gamma,sr_wm_ref,5295.985518079775,wake,early-deprivation,Valentino
low_delta,mpta_wm_ref,5202.569940788921,all-SPW-states,early-deprivation,Valentino
low_delta,sr_wm_ref,96130.83282899685,all-SPW-states,early-deprivation,Valentino
delta,mpta_wm_ref,11021.9628075896,all-SPW-states,early-deprivation,Valentino
delta,sr_wm_ref,195386.6235814828,all-SPW-states,early-deprivation,Valentino
theta,mpta_wm_ref,8189.256251927017,all-SPW-states,early-deprivation,Valentino
theta,sr_wm_ref,148503.93182492614,all-SPW-states,early-deprivation,Valentino
fast_gamma,mpta_wm_ref,1179.582788857517,all-SPW-states,early-deprivation,Valentino
fast_gamma,sr_wm_ref,5295.985518079775,all-SPW-states,early-deprivation,Valentino
low_delta,mpta_wm_ref,,NREM,late-deprivation,Valentino
low_delta,sr_wm_ref,,NREM,late-deprivation,Valentino
delta,mpta_wm_ref,,NREM,late-deprivation,Valentino
delta,sr_wm_ref,,NREM,late-deprivation,Valentino
theta,mpta_wm_ref,,NREM,late-deprivation,Valentino
theta,sr_wm_ref,,NREM,late-deprivation,Valentino
fast_gamma,mpta_wm_ref,,NREM,late-deprivation,Valentino
fast_gamma,sr_wm_ref,,NREM,late-deprivation,Valentino
low_delta,mpta_wm_ref,6701.724950319927,wake,late-deprivation,Valentino
low_delta,sr_wm_ref,130409.66710943225,wake,late-deprivation,Valentino
delta,mpta_wm_ref,13865.28595475174,wake,late-deprivation,Valentino
delta,sr_wm_ref,271650.3755554723,wake,late-deprivation,Valentino
theta,mpta_wm_ref,11289.256614259666,wake,late-deprivation,Valentino
theta,sr_wm_ref,174141.9717605067,wake,late-deprivation,Valentino
fast_gamma,mpta_wm_ref,1925.2211502513248,wake,late-deprivation,Valentino
fast_gamma,sr_wm_ref,9288.98782218888,wake,late-deprivation,Valentino
low_delta,mpta_wm_ref,6701.724950319927,all-SPW-states,late-deprivation,Valentino
low_delta,sr_wm_ref,130409.66710943225,all-SPW-states,late-deprivation,Valentino
delta,mpta_wm_ref,13865.28595475174,all-SPW-states,late-deprivation,Valentino
delta,sr_wm_ref,271650.3755554723,all-SPW-states,late-deprivation,Valentino
theta,mpta_wm_ref,11289.256614259666,all-SPW-states,late-deprivation,Valentino
theta,sr_wm_ref,174141.9717605067,all-SPW-states,late-deprivation,Valentino
fast_gamma,mpta_wm_ref,1925.2211502513248,all-SPW-states,late-deprivation,Valentino
fast_gamma,sr_wm_ref,9288.98782218888,all-SPW-states,late-deprivation,Valentino
low_delta,mpta_wm_ref,90278.73444564876,NREM,recovery,Doppio
low_delta,sr_wm_ref,99024.4896355744,NREM,recovery,Doppio
delta,mpta_wm_ref,462619.2224602497,NREM,recovery,Doppio
delta,sr_wm_ref,345902.18246952427,NREM,recovery,Doppio
theta,mpta_wm_ref,75901.60530719267,NREM,recovery,Doppio
theta,sr_wm_ref,230825.22329173275,NREM,recovery,Doppio
fast_gamma,mpta_wm_ref,1107.0346592294113,NREM,recovery,Doppio
fast_gamma,sr_wm_ref,6936.321008055796,NREM,recovery,Doppio
low_delta,mpta_wm_ref,16360.767583922952,wake,recovery,Doppio
low_delta,sr_wm_ref,53003.86197974058,wake,recovery,Doppio
delta,mpta_wm_ref,44173.066132947395,wake,recovery,Doppio
delta,sr_wm_ref,142755.48959476547,wake,recovery,Doppio
theta,mpta_wm_ref,19505.831036949585,wake,recovery,Doppio
theta,sr_wm_ref,164023.55740242547,wake,recovery,Doppio
fast_gamma,mpta_wm_ref,1207.5846414293599,wake,recovery,Doppio
fast_gamma,sr_wm_ref,4636.335460734126,wake,recovery,Doppio
low_delta,mpta_wm_ref,67617.93986689305,all-SPW-states,recovery,Doppio
low_delta,sr_wm_ref,84916.09307151471,all-SPW-states,recovery,Doppio
delta,mpta_wm_ref,334337.5232552236,all-SPW-states,recovery,Doppio
delta,sr_wm_ref,283624.15086186497,all-SPW-states,recovery,Doppio
theta,mpta_wm_ref,58612.53324385394,all-SPW-states,recovery,Doppio
theta,sr_wm_ref,210346.05033141642,all-SPW-states,recovery,Doppio
fast_gamma,mpta_wm_ref,1137.859945533523,all-SPW-states,recovery,Doppio
fast_gamma,sr_wm_ref,6231.221798286393,all-SPW-states,recovery,Doppio
low_delta,mpta_wm_ref,93191.83784016657,NREM,early-recovery,Doppio
low_delta,sr_wm_ref,114700.82840800808,NREM,early-recovery,Doppio
delta,mpta_wm_ref,541312.8121397318,NREM,early-recovery,Doppio
delta,sr_wm_ref,400792.2919024683,NREM,early-recovery,Doppio
theta,mpta_wm_ref,84752.01419917871,NREM,early-recovery,Doppio
theta,sr_wm_ref,237214.52772747804,NREM,early-recovery,Doppio
fast_gamma,mpta_wm_ref,1137.460040876765,NREM,early-recovery,Doppio
fast_gamma,sr_wm_ref,7298.736420009556,NREM,early-recovery,Doppio
low_delta,mpta_wm_ref,16494.79834116919,wake,early-recovery,Doppio
low_delta,sr_wm_ref,49114.992635139744,wake,early-recovery,Doppio
delta,mpta_wm_ref,49533.91045588627,wake,early-recovery,Doppio
delta,sr_wm_ref,138410.51018162767,wake,early-recovery,Doppio
theta,mpta_wm_ref,20605.689667926265,wake,early-recovery,Doppio
theta,sr_wm_ref,168342.24801410348,wake,early-recovery,Doppio
fast_gamma,mpta_wm_ref,1136.4249854334623,wake,early-recovery,Doppio
fast_gamma,sr_wm_ref,4379.214030815944,wake,early-recovery,Doppio
low_delta,mpta_wm_ref,82168.3906415636,all-SPW-states,early-recovery,Doppio
low_delta,sr_wm_ref,109510.66082565462,all-SPW-states,early-recovery,Doppio
delta,mpta_wm_ref,464869.53511462477,all-SPW-states,early-recovery,Doppio
delta,sr_wm_ref,372148.94405359775,all-SPW-states,early-recovery,Doppio
theta,mpta_wm_ref,77708.98530174184,all-SPW-states,early-recovery,Doppio
theta,sr_wm_ref,226656.26240385766,all-SPW-states,early-recovery,Doppio
fast_gamma,mpta_wm_ref,1172.9821384914344,all-SPW-states,early-recovery,Doppio
fast_gamma,sr_wm_ref,7026.998829987262,all-SPW-states,early-recovery,Doppio
low_delta,mpta_wm_ref,72977.70233795013,NREM,late-recovery,Doppio
low_delta,sr_wm_ref,88085.74614212489,NREM,late-recovery,Doppio
delta,mpta_wm_ref,317233.0692668679,NREM,late-recovery,Doppio
delta,sr_wm_ref,297525.6481720512,NREM,late-recovery,Doppio
theta,mpta_wm_ref,68855.18064273184,NREM,late-recovery,Doppio
theta,sr_wm_ref,229199.63654327678,NREM,late-recovery,Doppio
fast_gamma,mpta_wm_ref,1178.2561762226926,NREM,late-recovery,Doppio
fast_gamma,sr_wm_ref,7741.885691359072,NREM,late-recovery,Doppio
low_delta,mpta_wm_ref,17662.521449575717,wake,late-recovery,Doppio
low_delta,sr_wm_ref,55860.780299426326,wake,late-recovery,Doppio
delta,mpta_wm_ref,46456.64531447923,wake,late-recovery,Doppio
delta,sr_wm_ref,151773.30694175145,wake,late-recovery,Doppio
theta,mpta_wm_ref,20303.00062750359,wake,late-recovery,Doppio
theta,sr_wm_ref,161170.931352739,wake,late-recovery,Doppio
fast_gamma,mpta_wm_ref,1268.5312965681962,wake,late-recovery,Doppio
fast_gamma,sr_wm_ref,4964.009672901295,wake,late-recovery,Doppio
low_delta,mpta_wm_ref,32561.641914627977,all-SPW-states,late-recovery,Doppio
low_delta,sr_wm_ref,67188.20846744093,all-SPW-states,late-recovery,Doppio
delta,mpta_wm_ref,114699.98240063299,all-SPW-states,late-recovery,Doppio
delta,sr_wm_ref,186978.1496289793,all-SPW-states,late-recovery,Doppio
theta,mpta_wm_ref,34109.399856097836,all-SPW-states,late-recovery,Doppio
theta,sr_wm_ref,174486.6391139283,all-SPW-states,late-recovery,Doppio
fast_gamma,mpta_wm_ref,1281.9837025776853,all-SPW-states,late-recovery,Doppio
fast_gamma,sr_wm_ref,5601.478943843851,all-SPW-states,late-recovery,Doppio
low_delta,mpta_wm_ref,97919.5524637551,NREM,first2h-recovery,Doppio
low_delta,sr_wm_ref,104875.6631324865,NREM,first2h-recovery,Doppio
delta,mpta_wm_ref,541686.248594161,NREM,first2h-recovery,Doppio
delta,sr_wm_ref,372960.79303446756,NREM,first2h-recovery,Doppio
theta,mpta_wm_ref,79897.69398390749,NREM,first2h-recovery,Doppio
theta,sr_wm_ref,233467.90757432304,NREM,first2h-recovery,Doppio
fast_gamma,mpta_wm_ref,1085.4749567767265,NREM,first2h-recovery,Doppio
fast_gamma,sr_wm_ref,6665.319644348136,NREM,first2h-recovery,Doppio
low_delta,mpta_wm_ref,16360.767583922952,wake,first2h-recovery,Doppio
low_delta,sr_wm_ref,53003.86197974058,wake,first2h-recovery,Doppio
delta,mpta_wm_ref,44173.066132947395,wake,first2h-recovery,Doppio
delta,sr_wm_ref,142755.48959476547,wake,first2h-recovery,Doppio
theta,mpta_wm_ref,19505.831036949585,wake,first2h-recovery,Doppio
theta,sr_wm_ref,164023.55740242547,wake,first2h-recovery,Doppio
fast_gamma,mpta_wm_ref,1207.5846414293599,wake,first2h-recovery,Doppio
fast_gamma,sr_wm_ref,4636.335460734126,wake,first2h-recovery,Doppio
low_delta,mpta_wm_ref,91684.375680515,all-SPW-states,first2h-recovery,Doppio
low_delta,sr_wm_ref,101967.49860941543,all-SPW-states,first2h-recovery,Doppio
delta,mpta_wm_ref,506998.38459885184,all-SPW-states,first2h-recovery,Doppio
delta,sr_wm_ref,358611.3531185638,all-SPW-states,first2h-recovery,Doppio
theta,mpta_wm_ref,75025.65599336707,all-SPW-states,first2h-recovery,Doppio
theta,sr_wm_ref,226099.00895552753,all-SPW-states,first2h-recovery,Doppio
fast_gamma,mpta_wm_ref,1099.701985566272,all-SPW-states,first2h-recovery,Doppio
fast_gamma,sr_wm_ref,6480.240205709891,all-SPW-states,first2h-recovery,Doppio
low_delta,mpta_wm_ref,53616.84210182167,NREM,baseline-light-period,Doppio
low_delta,sr_wm_ref,82624.8167632447,NREM,baseline-light-period,Doppio
delta,mpta_wm_ref,225727.75539879245,NREM,baseline-light-period,Doppio
delta,sr_wm_ref,260882.92624312412,NREM,baseline-light-period,Doppio
theta,mpta_wm_ref,63118.49480977373,NREM,baseline-light-period,Doppio
theta,sr_wm_ref,206439.45648457005,NREM,baseline-light-period,Doppio
fast_gamma,mpta_wm_ref,959.875847518309,NREM,baseline-light-period,Doppio
fast_gamma,sr_wm_ref,6110.867879387108,NREM,baseline-light-period,Doppio
low_delta,mpta_wm_ref,9556.229687654955,wake,baseline-light-period,Doppio
low_delta,sr_wm_ref,36899.76376467454,wake,baseline-light-period,Doppio
delta,mpta_wm_ref,23488.533723178323,wake,baseline-light-period,Doppio
delta,sr_wm_ref,99634.09597965582,wake,baseline-light-period,Doppio
theta,mpta_wm_ref,13892.95984369505,wake,baseline-light-period,Doppio
theta,sr_wm_ref,158360.60138923628,wake,baseline-light-period,Doppio
fast_gamma,mpta_wm_ref,1010.7248173980773,wake,baseline-light-period,Doppio
fast_gamma,sr_wm_ref,3626.1748899753215,wake,baseline-light-period,Doppio
low_delta,mpta_wm_ref,35377.78170060336,all-SPW-states,baseline-light-period,Doppio
low_delta,sr_wm_ref,63696.75476423135,all-SPW-states,baseline-light-period,Doppio
delta,mpta_wm_ref,142010.04977627762,all-SPW-states,baseline-light-period,Doppio
delta,sr_wm_ref,194133.35119964238,all-SPW-states,baseline-light-period,Doppio
theta,mpta_wm_ref,42741.394802876865,all-SPW-states,baseline-light-period,Doppio
theta,sr_wm_ref,186537.02903162714,all-SPW-states,baseline-light-period,Doppio
fast_gamma,mpta_wm_ref,980.9249746674959,all-SPW-states,baseline-light-period,Doppio
fast_gamma,sr_wm_ref,5082.319635745503,all-SPW-states,baseline-light-period,Doppio
low_delta,mpta_wm_ref,47983.41128207118,NREM,first2h-recovery-match,Doppio
low_delta,sr_wm_ref,84490.93529715406,NREM,first2h-recovery-match,Doppio
delta,mpta_wm_ref,185312.00741822066,NREM,first2h-recovery-match,Doppio
delta,sr_wm_ref,259073.94893472784,NREM,first2h-recovery-match,Doppio
theta,mpta_wm_ref,60550.55386987998,NREM,first2h-recovery-match,Doppio
theta,sr_wm_ref,207859.85420418615,NREM,first2h-recovery-match,Doppio
fast_gamma,mpta_wm_ref,1016.4342210258575,NREM,first2h-recovery-match,Doppio
fast_gamma,sr_wm_ref,6563.323314372791,NREM,first2h-recovery-match,Doppio
low_delta,mpta_wm_ref,8675.797511098253,wake,first2h-recovery-match,Doppio
low_delta,sr_wm_ref,33082.9398183775,wake,first2h-recovery-match,Doppio
delta,mpta_wm_ref,22285.77312629085,wake,first2h-recovery-match,Doppio
delta,sr_wm_ref,93450.00287930577,wake,first2h-recovery-match,Doppio
theta,mpta_wm_ref,14362.467222691255,wake,first2h-recovery-match,Doppio
theta,sr_wm_ref,159312.8689205747,wake,first2h-recovery-match,Doppio
fast_gamma,mpta_wm_ref,1058.3527558865228,wake,first2h-recovery-match,Doppio
fast_gamma,sr_wm_ref,3483.2977645212154,wake,first2h-recovery-match,Doppio
low_delta,mpta_wm_ref,40407.96621821709,all-SPW-states,first2h-recovery-match,Doppio
low_delta,sr_wm_ref,75301.86540779044,all-SPW-states,first2h-recovery-match,Doppio
delta,mpta_wm_ref,158131.20791131182,all-SPW-states,first2h-recovery-match,Doppio
delta,sr_wm_ref,229808.72646801392,all-SPW-states,first2h-recovery-match,Doppio
theta,mpta_wm_ref,51777.93872157098,all-SPW-states,first2h-recovery-match,Doppio
theta,sr_wm_ref,194255.97187704625,all-SPW-states,first2h-recovery-match,Doppio
fast_gamma,mpta_wm_ref,1001.2846981112815,all-SPW-states,first2h-recovery-match,Doppio
fast_gamma,sr_wm_ref,5967.136297659913,all-SPW-states,first2h-recovery-match,Doppio
low_delta,mpta_wm_ref,,NREM,deprivation,Doppio
low_delta,sr_wm_ref,,NREM,deprivation,Doppio
delta,mpta_wm_ref,,NREM,deprivation,Doppio
delta,sr_wm_ref,,NREM,deprivation,Doppio
theta,mpta_wm_ref,,NREM,deprivation,Doppio
theta,sr_wm_ref,,NREM,deprivation,Doppio
fast_gamma,mpta_wm_ref,,NREM,deprivation,Doppio
fast_gamma,sr_wm_ref,,NREM,deprivation,Doppio
low_delta,mpta_wm_ref,16012.26721082092,wake,deprivation,Doppio
low_delta,sr_wm_ref,57512.691752355604,wake,deprivation,Doppio
delta,mpta_wm_ref,36277.51601672872,wake,deprivation,Doppio
delta,sr_wm_ref,159759.21103699962,wake,deprivation,Doppio
theta,mpta_wm_ref,16935.407833745394,wake,deprivation,Doppio
theta,sr_wm_ref,148468.99797001708,wake,deprivation,Doppio
fast_gamma,mpta_wm_ref,1615.6971055736096,wake,deprivation,Doppio
fast_gamma,sr_wm_ref,6658.626778381406,wake,deprivation,Doppio
low_delta,mpta_wm_ref,16012.26721082092,all-SPW-states,deprivation,Doppio
low_delta,sr_wm_ref,57512.691752355604,all-SPW-states,deprivation,Doppio
delta,mpta_wm_ref,36277.51601672872,all-SPW-states,deprivation,Doppio
delta,sr_wm_ref,159759.21103699962,all-SPW-states,deprivation,Doppio
theta,mpta_wm_ref,16935.407833745394,all-SPW-states,deprivation,Doppio
theta,sr_wm_ref,148468.99797001708,all-SPW-states,deprivation,Doppio
fast_gamma,mpta_wm_ref,1615.6971055736096,all-SPW-states,deprivation,Doppio
fast_gamma,sr_wm_ref,6658.626778381406,all-SPW-states,deprivation,Doppio
low_delta,mpta_wm_ref,,NREM,early-deprivation,Doppio
low_delta,sr_wm_ref,,NREM,early-deprivation,Doppio
delta,mpta_wm_ref,,NREM,early-deprivation,Doppio
delta,sr_wm_ref,,NREM,early-deprivation,Doppio
theta,mpta_wm_ref,,NREM,early-deprivation,Doppio
theta,sr_wm_ref,,NREM,early-deprivation,Doppio
fast_gamma,mpta_wm_ref,,NREM,early-deprivation,Doppio
fast_gamma,sr_wm_ref,,NREM,early-deprivation,Doppio
low_delta,mpta_wm_ref,18358.458887060813,wake,early-deprivation,Doppio
low_delta,sr_wm_ref,37134.98204994328,wake,early-deprivation,Doppio
delta,mpta_wm_ref,27484.83792712235,wake,early-deprivation,Doppio
delta,sr_wm_ref,90814.71120365693,wake,early-deprivation,Doppio
theta,mpta_wm_ref,15719.7689961241,wake,early-deprivation,Doppio
theta,sr_wm_ref,148597.8824182366,wake,early-deprivation,Doppio
fast_gamma,mpta_wm_ref,1563.2806001826098,wake,early-deprivation,Doppio
fast_gamma,sr_wm_ref,5698.9219633958755,wake,early-deprivation,Doppio
low_delta,mpta_wm_ref,18358.458887060813,all-SPW-states,early-deprivation,Doppio
low_delta,sr_wm_ref,37134.98204994328,all-SPW-states,early-deprivation,Doppio
delta,mpta_wm_ref,27484.83792712235,all-SPW-states,early-deprivation,Doppio
delta,sr_wm_ref,90814.71120365693,all-SPW-states,early-deprivation,Doppio
theta,mpta_wm_ref,15719.7689961241,all-SPW-states,early-deprivation,Doppio
theta,sr_wm_ref,148597.8824182366,all-SPW-states,early-deprivation,Doppio
fast_gamma,mpta_wm_ref,1563.2806001826098,all-SPW-states,early-deprivation,Doppio
fast_gamma,sr_wm_ref,5698.9219633958755,all-SPW-states,early-deprivation,Doppio
low_delta,mpta_wm_ref,,NREM,late-deprivation,Doppio
low_delta,sr_wm_ref,,NREM,late-deprivation,Doppio
delta,mpta_wm_ref,,NREM,late-deprivation,Doppio
delta,sr_wm_ref,,NREM,late-deprivation,Doppio
theta,mpta_wm_ref,,NREM,late-deprivation,Doppio
theta,sr_wm_ref,,NREM,late-deprivation,Doppio
fast_gamma,mpta_wm_ref,,NREM,late-deprivation,Doppio
fast_gamma,sr_wm_ref,,NREM,late-deprivation,Doppio
low_delta,mpta_wm_ref,17896.420605038642,wake,late-deprivation,Doppio
low_delta,sr_wm_ref,65067.41702023532,wake,late-deprivation,Doppio
delta,mpta_wm_ref,65607.09311774664,wake,late-deprivation,Doppio
delta,sr_wm_ref,186748.9603871867,wake,late-deprivation,Doppio
theta,mpta_wm_ref,24023.52711407742,wake,late-deprivation,Doppio
theta,sr_wm_ref,156322.22825486236,wake,late-deprivation,Doppio
fast_gamma,mpta_wm_ref,1616.830735365994,wake,late-deprivation,Doppio
fast_gamma,sr_wm_ref,7502.146225032703,wake,late-deprivation,Doppio
low_delta,mpta_wm_ref,17896.420605038642,all-SPW-states,late-deprivation,Doppio
low_delta,sr_wm_ref,65067.41702023532,all-SPW-states,late-deprivation,Doppio
delta,mpta_wm_ref,65607.09311774664,all-SPW-states,late-deprivation,Doppio
delta,sr_wm_ref,186748.9603871867,all-SPW-states,late-deprivation,Doppio
theta,mpta_wm_ref,24023.52711407742,all-SPW-states,late-deprivation,Doppio
theta,sr_wm_ref,156322.22825486236,all-SPW-states,late-deprivation,Doppio
fast_gamma,mpta_wm_ref,1616.830735365994,all-SPW-states,late-deprivation,Doppio
fast_gamma,sr_wm_ref,7502.146225032703,all-SPW-states,late-deprivation,Doppio
low_delta,mpta_wm_ref,46622.50183220845,NREM,recovery,Alessandro
low_delta,sr_wm_ref,116489.63129696457,NREM,recovery,Alessandro
delta,mpta_wm_ref,313016.51052048884,NREM,recovery,Alessandro
delta,sr_wm_ref,490706.6015453842,NREM,recovery,Alessandro
theta,mpta_wm_ref,70464.29541948653,NREM,recovery,Alessandro
theta,sr_wm_ref,294398.61076004175,NREM,recovery,Alessandro
fast_gamma,mpta_wm_ref,1123.133660014565,NREM,recovery,Alessandro
fast_gamma,sr_wm_ref,9598.91169840991,NREM,recovery,Alessandro
low_delta,mpta_wm_ref,9953.746398536425,wake,recovery,Alessandro
low_delta,sr_wm_ref,60334.92711776781,wake,recovery,Alessandro
delta,mpta_wm_ref,52646.27668336123,wake,recovery,Alessandro
delta,sr_wm_ref,234895.93859547377,wake,recovery,Alessandro
theta,mpta_wm_ref,31643.41023124707,wake,recovery,Alessandro
theta,sr_wm_ref,197150.13653973755,wake,recovery,Alessandro
fast_gamma,mpta_wm_ref,1115.5946390753645,wake,recovery,Alessandro
fast_gamma,sr_wm_ref,5568.185953114198,wake,recovery,Alessandro
low_delta,mpta_wm_ref,42474.11737910617,all-SPW-states,recovery,Alessandro
low_delta,sr_wm_ref,110136.77587467134,all-SPW-states,recovery,Alessandro
delta,mpta_wm_ref,283560.48406618764,all-SPW-states,recovery,Alessandro
delta,sr_wm_ref,461766.405332869,all-SPW-states,recovery,Alessandro
theta,mpta_wm_ref,66072.437701221,all-SPW-states,recovery,Alessandro
theta,sr_wm_ref,283396.76317148213,all-SPW-states,recovery,Alessandro
fast_gamma,mpta_wm_ref,1122.2807606759882,all-SPW-states,recovery,Alessandro
fast_gamma,sr_wm_ref,9142.910401972409,all-SPW-states,recovery,Alessandro
low_delta,mpta_wm_ref,40272.09748713234,NREM,early-recovery,Alessandro
low_delta,sr_wm_ref,127132.97259063489,NREM,early-recovery,Alessandro
delta,mpta_wm_ref,372976.8614467231,NREM,early-recovery,Alessandro
delta,sr_wm_ref,594216.6052449456,NREM,early-recovery,Alessandro
theta,mpta_wm_ref,80928.7238016217,NREM,early-recovery,Alessandro
theta,sr_wm_ref,344036.4301110132,NREM,early-recovery,Alessandro
fast_gamma,mpta_wm_ref,1122.1301683508182,NREM,early-recovery,Alessandro
fast_gamma,sr_wm_ref,10650.825293819937,NREM,early-recovery,Alessandro
low_delta,mpta_wm_ref,9953.746398536425,wake,early-recovery,Alessandro
low_delta,sr_wm_ref,60334.92711776781,wake,early-recovery,Alessandro
delta,mpta_wm_ref,52646.27668336123,wake,early-recovery,Alessandro
delta,sr_wm_ref,234895.93859547377,wake,early-recovery,Alessandro
theta,mpta_wm_ref,31643.41023124707,wake,early-recovery,Alessandro
theta,sr_wm_ref,197150.13653973755,wake,early-recovery,Alessandro
fast_gamma,mpta_wm_ref,1115.5946390753645,wake,early-recovery,Alessandro
fast_gamma,sr_wm_ref,5568.185953114198,wake,early-recovery,Alessandro
low_delta,mpta_wm_ref,39399.929885546335,all-SPW-states,early-recovery,Alessandro
low_delta,sr_wm_ref,125370.57981296176,all-SPW-states,early-recovery,Alessandro
delta,mpta_wm_ref,363858.3965833563,all-SPW-states,early-recovery,Alessandro
delta,sr_wm_ref,584556.5981390015,all-SPW-states,early-recovery,Alessandro
theta,mpta_wm_ref,79313.9410839396,all-SPW-states,early-recovery,Alessandro
theta,sr_wm_ref,338007.59442437097,all-SPW-states,early-recovery,Alessandro
fast_gamma,mpta_wm_ref,1121.660265519403,all-SPW-states,early-recovery,Alessandro
fast_gamma,sr_wm_ref,10477.912444031594,all-SPW-states,early-recovery,Alessandro
low_delta,mpta_wm_ref,45229.96109727835,NREM,late-recovery,Alessandro
low_delta,sr_wm_ref,94799.18688813812,NREM,late-recovery,Alessandro
delta,mpta_wm_ref,234355.13926456196,NREM,late-recovery,Alessandro
delta,sr_wm_ref,384521.4030742454,NREM,late-recovery,Alessandro
theta,mpta_wm_ref,70439.94453637797,NREM,late-recovery,Alessandro
theta,sr_wm_ref,261769.17016495793,NREM,late-recovery,Alessandro
fast_gamma,mpta_wm_ref,1182.9216455466508,NREM,late-recovery,Alessandro
fast_gamma,sr_wm_ref,9161.858811098475,NREM,late-recovery,Alessandro
low_delta,mpta_wm_ref,9953.746398536425,wake,late-recovery,Alessandro
low_delta,sr_wm_ref,60334.92711776781,wake,late-recovery,Alessandro
delta,mpta_wm_ref,52646.27668336123,wake,late-recovery,Alessandro
delta,sr_wm_ref,234895.93859547377,wake,late-recovery,Alessandro
theta,mpta_wm_ref,31643.41023124707,wake,late-recovery,Alessandro
theta,sr_wm_ref,197150.13653973755,wake,late-recovery,Alessandro
fast_gamma,mpta_wm_ref,1115.5946390753645,wake,late-recovery,Alessandro
fast_gamma,sr_wm_ref,5568.185953114198,wake,late-recovery,Alessandro
low_delta,mpta_wm_ref,39395.85015234459,all-SPW-states,late-recovery,Alessandro
low_delta,sr_wm_ref,87759.43577471841,all-SPW-states,late-recovery,Alessandro
delta,mpta_wm_ref,205915.35835506945,all-SPW-states,late-recovery,Alessandro
delta,sr_wm_ref,353432.83264231216,all-SPW-states,late-recovery,Alessandro
theta,mpta_wm_ref,64478.59637572027,all-SPW-states,late-recovery,Alessandro
theta,sr_wm_ref,248536.87953925953,all-SPW-states,late-recovery,Alessandro
fast_gamma,mpta_wm_ref,1187.04256932425,all-SPW-states,late-recovery,Alessandro
fast_gamma,sr_wm_ref,8698.374807846803,all-SPW-states,late-recovery,Alessandro
low_delta,mpta_wm_ref,44882.55579659846,NREM,first2h-recovery,Alessandro
low_delta,sr_wm_ref,128659.2114252667,NREM,first2h-recovery,Alessandro
delta,mpta_wm_ref,370330.36479571817,NREM,first2h-recovery,Alessandro
delta,sr_wm_ref,563126.4048571361,NREM,first2h-recovery,Alessandro
theta,mpta_wm_ref,73480.78894347834,NREM,first2h-recovery,Alessandro
theta,sr_wm_ref,321067.8681864817,NREM,first2h-recovery,Alessandro
fast_gamma,mpta_wm_ref,1093.2493836355513,NREM,first2h-recovery,Alessandro
fast_gamma,sr_wm_ref,9783.090882362201,NREM,first2h-recovery,Alessandro
low_delta,mpta_wm_ref,9953.746398536425,wake,first2h-recovery,Alessandro
low_delta,sr_wm_ref,60334.92711776781,wake,first2h-recovery,Alessandro
delta,mpta_wm_ref,52646.27668336123,wake,first2h-recovery,Alessandro
delta,sr_wm_ref,234895.93859547377,wake,first2h-recovery,Alessandro
theta,mpta_wm_ref,31643.41023124707,wake,first2h-recovery,Alessandro
theta,sr_wm_ref,197150.13653973755,wake,first2h-recovery,Alessandro
fast_gamma,mpta_wm_ref,1115.5946390753645,wake,first2h-recovery,Alessandro
fast_gamma,sr_wm_ref,5568.185953114198,wake,first2h-recovery,Alessandro
low_delta,mpta_wm_ref,43339.39389179043,all-SPW-states,first2h-recovery,Alessandro
low_delta,sr_wm_ref,125278.25842330501,all-SPW-states,first2h-recovery,Alessandro
delta,mpta_wm_ref,356844.3363277055,all-SPW-states,first2h-recovery,Alessandro
delta,sr_wm_ref,548329.0235162692,all-SPW-states,first2h-recovery,Alessandro
theta,mpta_wm_ref,71616.9210655533,all-SPW-states,first2h-recovery,Alessandro
theta,sr_wm_ref,313878.18828236574,all-SPW-states,first2h-recovery,Alessandro
fast_gamma,mpta_wm_ref,1091.4696127328964,all-SPW-states,first2h-recovery,Alessandro
fast_gamma,sr_wm_ref,9551.448359619832,all-SPW-states,first2h-recovery,Alessandro
low_delta,mpta_wm_ref,36350.670963763274,NREM,baseline-light-period,Alessandro
low_delta,sr_wm_ref,114171.21918991438,NREM,baseline-light-period,Alessandro
delta,mpta_wm_ref,208874.5975866067,NREM,baseline-light-period,Alessandro
delta,sr_wm_ref,427650.53943179786,NREM,baseline-light-period,Alessandro
theta,mpta_wm_ref,66988.6613572101,NREM,baseline-light-period,Alessandro
theta,sr_wm_ref,265181.5351424837,NREM,baseline-light-period,Alessandro
fast_gamma,mpta_wm_ref,1233.2217082578695,NREM,baseline-light-period,Alessandro
fast_gamma,sr_wm_ref,9274.256531233497,NREM,baseline-light-period,Alessandro
low_delta,mpta_wm_ref,7192.150176726985,wake,baseline-light-period,Alessandro
low_delta,sr_wm_ref,52980.97202071285,wake,baseline-light-period,Alessandro
delta,mpta_wm_ref,28715.633151625443,wake,baseline-light-period,Alessandro
delta,sr_wm_ref,194105.08148720543,wake,baseline-light-period,Alessandro
theta,mpta_wm_ref,24769.027860285016,wake,baseline-light-period,Alessandro
theta,sr_wm_ref,183752.36807327683,wake,baseline-light-period,Alessandro
fast_gamma,mpta_wm_ref,1265.7226143244059,wake,baseline-light-period,Alessandro
fast_gamma,sr_wm_ref,5898.355847313548,wake,baseline-light-period,Alessandro
low_delta,mpta_wm_ref,25562.93929168246,all-SPW-states,baseline-light-period,Alessandro
low_delta,sr_wm_ref,91532.76053040926,all-SPW-states,baseline-light-period,Alessandro
delta,mpta_wm_ref,142221.47135845377,all-SPW-states,baseline-light-period,Alessandro
delta,sr_wm_ref,341246.0969039861,all-SPW-states,baseline-light-period,Alessandro
theta,mpta_wm_ref,51368.730538877506,all-SPW-states,baseline-light-period,Alessandro
theta,sr_wm_ref,235055.31539905324,all-SPW-states,baseline-light-period,Alessandro
fast_gamma,mpta_wm_ref,1245.2460169087094,all-SPW-states,baseline-light-period,Alessandro
fast_gamma,sr_wm_ref,8025.2799114759255,all-SPW-states,baseline-light-period,Alessandro
low_delta,mpta_wm_ref,30882.771760821193,NREM,first2h-recovery-match,Alessandro
low_delta,sr_wm_ref,109371.86575485961,NREM,first2h-recovery-match,Alessandro
delta,mpta_wm_ref,142921.3998317372,NREM,first2h-recovery-match,Alessandro
delta,sr_wm_ref,392054.2213661423,NREM,first2h-recovery-match,Alessandro
theta,mpta_wm_ref,62650.883012063256,NREM,first2h-recovery-match,Alessandro
theta,sr_wm_ref,249605.3201116623,NREM,first2h-recovery-match,Alessandro
fast_gamma,mpta_wm_ref,1127.014416765259,NREM,first2h-recovery-match,Alessandro
fast_gamma,sr_wm_ref,8732.49784191408,NREM,first2h-recovery-match,Alessandro
low_delta,mpta_wm_ref,7802.5754924303865,wake,first2h-recovery-match,Alessandro
low_delta,sr_wm_ref,59670.31488149742,wake,first2h-recovery-match,Alessandro
delta,mpta_wm_ref,31592.462797728043,wake,first2h-recovery-match,Alessandro
delta,sr_wm_ref,218979.64302141598,wake,first2h-recovery-match,Alessandro
theta,mpta_wm_ref,24675.775916217397,wake,first2h-recovery-match,Alessandro
theta,sr_wm_ref,177751.37452904668,wake,first2h-recovery-match,Alessandro
fast_gamma,mpta_wm_ref,1258.0688396638752,wake,first2h-recovery-match,Alessandro
fast_gamma,sr_wm_ref,5749.441649012601,wake,first2h-recovery-match,Alessandro
low_delta,mpta_wm_ref,24844.187918184394,all-SPW-states,first2h-recovery-match,Alessandro
low_delta,sr_wm_ref,89067.74790516552,all-SPW-states,first2h-recovery-match,Alessandro
delta,mpta_wm_ref,116437.428282548,all-SPW-states,first2h-recovery-match,Alessandro
delta,sr_wm_ref,327678.83632144396,all-SPW-states,first2h-recovery-match,Alessandro
theta,mpta_wm_ref,51330.47704689652,all-SPW-states,first2h-recovery-match,Alessandro
theta,sr_wm_ref,221341.46967296832,all-SPW-states,first2h-recovery-match,Alessandro
fast_gamma,mpta_wm_ref,1093.4604006157128,all-SPW-states,first2h-recovery-match,Alessandro
fast_gamma,sr_wm_ref,7476.738230068315,all-SPW-states,first2h-recovery-match,Alessandro
low_delta,mpta_wm_ref,,NREM,deprivation,Alessandro
low_delta,sr_wm_ref,,NREM,deprivation,Alessandro
delta,mpta_wm_ref,,NREM,deprivation,Alessandro
delta,sr_wm_ref,,NREM,deprivation,Alessandro
theta,mpta_wm_ref,,NREM,deprivation,Alessandro
theta,sr_wm_ref,,NREM,deprivation,Alessandro
fast_gamma,mpta_wm_ref,,NREM,deprivation,Alessandro
fast_gamma,sr_wm_ref,,NREM,deprivation,Alessandro
low_delta,mpta_wm_ref,6078.353577880972,wake,deprivation,Alessandro
low_delta,sr_wm_ref,46311.39001519639,wake,deprivation,Alessandro
delta,mpta_wm_ref,16882.74718296426,wake,deprivation,Alessandro
delta,sr_wm_ref,172795.3304674709,wake,deprivation,Alessandro
theta,mpta_wm_ref,29318.041460958182,wake,deprivation,Alessandro
theta,sr_wm_ref,173673.87725277778,wake,deprivation,Alessandro
fast_gamma,mpta_wm_ref,1789.5805662041887,wake,deprivation,Alessandro
fast_gamma,sr_wm_ref,10403.876008328232,wake,deprivation,Alessandro
low_delta,mpta_wm_ref,6078.353577880972,all-SPW-states,deprivation,Alessandro
low_delta,sr_wm_ref,46311.39001519639,all-SPW-states,deprivation,Alessandro
delta,mpta_wm_ref,16882.74718296426,all-SPW-states,deprivation,Alessandro
delta,sr_wm_ref,172795.3304674709,all-SPW-states,deprivation,Alessandro
theta,mpta_wm_ref,29318.041460958182,all-SPW-states,deprivation,Alessandro
theta,sr_wm_ref,173673.87725277778,all-SPW-states,deprivation,Alessandro
fast_gamma,mpta_wm_ref,1789.5805662041887,all-SPW-states,deprivation,Alessandro
fast_gamma,sr_wm_ref,10403.876008328232,all-SPW-states,deprivation,Alessandro
low_delta,mpta_wm_ref,,NREM,early-deprivation,Alessandro
low_delta,sr_wm_ref,,NREM,early-deprivation,Alessandro
delta,mpta_wm_ref,,NREM,early-deprivation,Alessandro
delta,sr_wm_ref,,NREM,early-deprivation,Alessandro
theta,mpta_wm_ref,,NREM,early-deprivation,Alessandro
theta,sr_wm_ref,,NREM,early-deprivation,Alessandro
fast_gamma,mpta_wm_ref,,NREM,early-deprivation,Alessandro
fast_gamma,sr_wm_ref,,NREM,early-deprivation,Alessandro
low_delta,mpta_wm_ref,6567.126489602581,wake,early-deprivation,Alessandro
low_delta,sr_wm_ref,33149.03169740672,wake,early-deprivation,Alessandro
delta,mpta_wm_ref,15163.79502780303,wake,early-deprivation,Alessandro
delta,sr_wm_ref,121816.72773767139,wake,early-deprivation,Alessandro
theta,mpta_wm_ref,27458.356553023954,wake,early-deprivation,Alessandro
theta,sr_wm_ref,167214.61568052368,wake,early-deprivation,Alessandro
fast_gamma,mpta_wm_ref,1724.8627990800555,wake,early-deprivation,Alessandro
fast_gamma,sr_wm_ref,10346.334562379592,wake,early-deprivation,Alessandro
low_delta,mpta_wm_ref,6567.126489602581,all-SPW-states,early-deprivation,Alessandro
low_delta,sr_wm_ref,33149.03169740672,all-SPW-states,early-deprivation,Alessandro
delta,mpta_wm_ref,15163.79502780303,all-SPW-states,early-deprivation,Alessandro
delta,sr_wm_ref,121816.72773767139,all-SPW-states,early-deprivation,Alessandro
theta,mpta_wm_ref,27458.356553023954,all-SPW-states,early-deprivation,Alessandro
theta,sr_wm_ref,167214.61568052368,all-SPW-states,early-deprivation,Alessandro
fast_gamma,mpta_wm_ref,1724.8627990800555,all-SPW-states,early-deprivation,Alessandro
fast_gamma,sr_wm_ref,10346.334562379592,all-SPW-states,early-deprivation,Alessandro
low_delta,mpta_wm_ref,,NREM,late-deprivation,Alessandro
low_delta,sr_wm_ref,,NREM,late-deprivation,Alessandro
delta,mpta_wm_ref,,NREM,late-deprivation,Alessandro
delta,sr_wm_ref,,NREM,late-deprivation,Alessandro
theta,mpta_wm_ref,,NREM,late-deprivation,Alessandro
theta,sr_wm_ref,,NREM,late-deprivation,Alessandro
fast_gamma,mpta_wm_ref,,NREM,late-deprivation,Alessandro
fast_gamma,sr_wm_ref,,NREM,late-deprivation,Alessandro
low_delta,mpta_wm_ref,6771.285647443124,wake,late-deprivation,Alessandro
low_delta,sr_wm_ref,57578.087137005474,wake,late-deprivation,Alessandro
delta,mpta_wm_ref,18426.74208125666,wake,late-deprivation,Alessandro
delta,sr_wm_ref,208043.17149357122,wake,late-deprivation,Alessandro
theta,mpta_wm_ref,33310.35614161061,wake,late-deprivation,Alessandro
theta,sr_wm_ref,199929.0770542084,wake,late-deprivation,Alessandro
fast_gamma,mpta_wm_ref,1942.7321656032414,wake,late-deprivation,Alessandro
fast_gamma,sr_wm_ref,12349.741945319169,wake,late-deprivation,Alessandro
low_delta,mpta_wm_ref,6771.285647443124,all-SPW-states,late-deprivation,Alessandro
low_delta,sr_wm_ref,57578.087137005474,all-SPW-states,late-deprivation,Alessandro
delta,mpta_wm_ref,18426.74208125666,all-SPW-states,late-deprivation,Alessandro
delta,sr_wm_ref,208043.17149357122,all-SPW-states,late-deprivation,Alessandro
theta,mpta_wm_ref,33310.35614161061,all-SPW-states,late-deprivation,Alessandro
theta,sr_wm_ref,199929.0770542084,all-SPW-states,late-deprivation,Alessandro
fast_gamma,mpta_wm_ref,1942.7321656032414,all-SPW-states,late-deprivation,Alessandro
fast_gamma,sr_wm_ref,12349.741945319169,all-SPW-states,late-deprivation,Alessandro
low_delta,mpta_wm_ref,68329.35392220948,NREM,recovery,Eugene
low_delta,sr_wm_ref,77742.16105743583,NREM,recovery,Eugene
delta,mpta_wm_ref,353795.18251442927,NREM,recovery,Eugene
delta,sr_wm_ref,294400.5264139675,NREM,recovery,Eugene
theta,mpta_wm_ref,56158.83059785024,NREM,recovery,Eugene
theta,sr_wm_ref,261053.66894700695,NREM,recovery,Eugene
fast_gamma,mpta_wm_ref,1194.4256951309026,NREM,recovery,Eugene
fast_gamma,sr_wm_ref,7565.457273670072,NREM,recovery,Eugene
low_delta,mpta_wm_ref,13927.300988087816,wake,recovery,Eugene
low_delta,sr_wm_ref,63637.29215507702,wake,recovery,Eugene
delta,mpta_wm_ref,48471.44474284275,wake,recovery,Eugene
delta,sr_wm_ref,190213.60657355253,wake,recovery,Eugene
theta,mpta_wm_ref,17270.449872708872,wake,recovery,Eugene
theta,sr_wm_ref,232158.17190082357,wake,recovery,Eugene
fast_gamma,mpta_wm_ref,1395.1378824183532,wake,recovery,Eugene
fast_gamma,sr_wm_ref,5541.511772195427,wake,recovery,Eugene
low_delta,mpta_wm_ref,61904.80922408454,all-SPW-states,recovery,Eugene
low_delta,sr_wm_ref,76076.463609692,all-SPW-states,recovery,Eugene
delta,mpta_wm_ref,317738.3446762054,all-SPW-states,recovery,Eugene
delta,sr_wm_ref,282096.69802195305,all-SPW-states,recovery,Eugene
theta,mpta_wm_ref,51566.3542714714,all-SPW-states,recovery,Eugene
theta,sr_wm_ref,257641.29014261602,all-SPW-states,recovery,Eugene
fast_gamma,mpta_wm_ref,1218.128558334398,all-SPW-states,recovery,Eugene
fast_gamma,sr_wm_ref,7326.4418755464185,all-SPW-states,recovery,Eugene
low_delta,mpta_wm_ref,63922.173990951975,NREM,early-recovery,Eugene
low_delta,sr_wm_ref,82324.06494990755,NREM,early-recovery,Eugene
delta,mpta_wm_ref,447565.87969885813,NREM,early-recovery,Eugene
delta,sr_wm_ref,338078.6315805539,NREM,early-recovery,Eugene
theta,mpta_wm_ref,67000.74129702064,NREM,early-recovery,Eugene
theta,sr_wm_ref,278244.27503696206,NREM,early-recovery,Eugene
fast_gamma,mpta_wm_ref,1266.5791837281313,NREM,early-recovery,Eugene
fast_gamma,sr_wm_ref,8209.901937084152,NREM,early-recovery,Eugene
low_delta,mpta_wm_ref,13927.300988087816,wake,early-recovery,Eugene
low_delta,sr_wm_ref,63637.29215507702,wake,early-recovery,Eugene
delta,mpta_wm_ref,48471.44474284275,wake,early-recovery,Eugene
delta,sr_wm_ref,190213.60657355253,wake,early-recovery,Eugene
theta,mpta_wm_ref,17270.449872708872,wake,early-recovery,Eugene
theta,sr_wm_ref,232158.17190082357,wake,early-recovery,Eugene
fast_gamma,mpta_wm_ref,1395.1378824183532,wake,early-recovery,Eugene
fast_gamma,sr_wm_ref,5541.511772195427,wake,early-recovery,Eugene
low_delta,mpta_wm_ref,61613.24859213778,all-SPW-states,early-recovery,Eugene
low_delta,sr_wm_ref,83546.23983443485,all-SPW-states,early-recovery,Eugene
delta,mpta_wm_ref,431341.3275219151,all-SPW-states,early-recovery,Eugene
delta,sr_wm_ref,337731.7399365847,all-SPW-states,early-recovery,Eugene
theta,mpta_wm_ref,64261.51007129008,all-SPW-states,early-recovery,Eugene
theta,sr_wm_ref,273855.09774971654,all-SPW-states,early-recovery,Eugene
fast_gamma,mpta_wm_ref,1284.698812135601,all-SPW-states,early-recovery,Eugene
fast_gamma,sr_wm_ref,8086.891013384863,all-SPW-states,early-recovery,Eugene
low_delta,mpta_wm_ref,54402.028415623216,NREM,late-recovery,Eugene
low_delta,sr_wm_ref,69427.92336122066,NREM,late-recovery,Eugene
delta,mpta_wm_ref,201680.18782425445,NREM,late-recovery,Eugene
delta,sr_wm_ref,250108.20655145033,NREM,late-recovery,Eugene
theta,mpta_wm_ref,49052.20869359895,NREM,late-recovery,Eugene
theta,sr_wm_ref,266812.81839698367,NREM,late-recovery,Eugene
fast_gamma,mpta_wm_ref,1257.0764041114371,NREM,late-recovery,Eugene
fast_gamma,sr_wm_ref,8459.446263034053,NREM,late-recovery,Eugene
low_delta,mpta_wm_ref,13927.300988087816,wake,late-recovery,Eugene
low_delta,sr_wm_ref,63637.29215507702,wake,late-recovery,Eugene
delta,mpta_wm_ref,48471.44474284275,wake,late-recovery,Eugene
delta,sr_wm_ref,190213.60657355253,wake,late-recovery,Eugene
theta,mpta_wm_ref,17270.449872708872,wake,late-recovery,Eugene
theta,sr_wm_ref,232158.17190082357,wake,late-recovery,Eugene
fast_gamma,mpta_wm_ref,1395.1378824183532,wake,late-recovery,Eugene
fast_gamma,sr_wm_ref,5541.511772195427,wake,late-recovery,Eugene
low_delta,mpta_wm_ref,45272.59733411969,all-SPW-states,late-recovery,Eugene
low_delta,sr_wm_ref,66672.80506246262,all-SPW-states,late-recovery,Eugene
delta,mpta_wm_ref,163949.14253497453,all-SPW-states,late-recovery,Eugene
delta,sr_wm_ref,233793.4768667851,all-SPW-states,late-recovery,Eugene
theta,mpta_wm_ref,41721.298131298005,all-SPW-states,late-recovery,Eugene
theta,sr_wm_ref,254941.3281449764,all-SPW-states,late-recovery,Eugene
fast_gamma,mpta_wm_ref,1301.0643722571563,all-SPW-states,late-recovery,Eugene
fast_gamma,sr_wm_ref,7855.116136125271,all-SPW-states,late-recovery,Eugene
low_delta,mpta_wm_ref,69783.17008138681,NREM,first2h-recovery,Eugene
low_delta,sr_wm_ref,81090.5937135344,NREM,first2h-recovery,Eugene
delta,mpta_wm_ref,425701.9753970281,NREM,first2h-recovery,Eugene
delta,sr_wm_ref,323234.36766222055,NREM,first2h-recovery,Eugene
theta,mpta_wm_ref,61548.91536413749,NREM,first2h-recovery,Eugene
theta,sr_wm_ref,267043.96512759896,NREM,first2h-recovery,Eugene
fast_gamma,mpta_wm_ref,1199.9388662369881,NREM,first2h-recovery,Eugene
fast_gamma,sr_wm_ref,7573.49737148382,NREM,first2h-recovery,Eugene
low_delta,mpta_wm_ref,13927.300988087816,wake,first2h-recovery,Eugene
low_delta,sr_wm_ref,63637.29215507702,wake,first2h-recovery,Eugene
delta,mpta_wm_ref,48471.44474284275,wake,first2h-recovery,Eugene
delta,sr_wm_ref,190213.60657355253,wake,first2h-recovery,Eugene
theta,mpta_wm_ref,17270.449872708872,wake,first2h-recovery,Eugene
theta,sr_wm_ref,232158.17190082357,wake,first2h-recovery,Eugene
fast_gamma,mpta_wm_ref,1395.1378824183532,wake,first2h-recovery,Eugene
fast_gamma,sr_wm_ref,5541.511772195427,wake,first2h-recovery,Eugene
low_delta,mpta_wm_ref,64824.86804665854,all-SPW-states,first2h-recovery,Eugene
low_delta,sr_wm_ref,79591.6782931609,all-SPW-states,first2h-recovery,Eugene
delta,mpta_wm_ref,403228.0524023214,all-SPW-states,first2h-recovery,Eugene
delta,sr_wm_ref,313228.6904281363,all-SPW-states,first2h-recovery,Eugene
theta,mpta_wm_ref,59307.40582912141,all-SPW-states,first2h-recovery,Eugene
theta,sr_wm_ref,265914.6937954192,all-SPW-states,first2h-recovery,Eugene
fast_gamma,mpta_wm_ref,1222.664689479419,all-SPW-states,first2h-recovery,Eugene
fast_gamma,sr_wm_ref,7416.67187526522,all-SPW-states,first2h-recovery,Eugene
low_delta,mpta_wm_ref,69727.74052715223,NREM,baseline-light-period,Eugene
low_delta,sr_wm_ref,76898.58193023306,NREM,baseline-light-period,Eugene
delta,mpta_wm_ref,257810.42357148597,NREM,baseline-light-period,Eugene
delta,sr_wm_ref,261702.68196516196,NREM,baseline-light-period,Eugene
theta,mpta_wm_ref,56942.75084954499,NREM,baseline-light-period,Eugene
theta,sr_wm_ref,235069.02985189046,NREM,baseline-light-period,Eugene
fast_gamma,mpta_wm_ref,1248.6501256097654,NREM,baseline-light-period,Eugene
fast_gamma,sr_wm_ref,7190.417784969699,NREM,baseline-light-period,Eugene
low_delta,mpta_wm_ref,18560.27953465801,wake,baseline-light-period,Eugene
low_delta,sr_wm_ref,52020.01292269932,wake,baseline-light-period,Eugene
delta,mpta_wm_ref,36177.27610911523,wake,baseline-light-period,Eugene
delta,sr_wm_ref,156631.3501216492,wake,baseline-light-period,Eugene
theta,mpta_wm_ref,15075.50467786723,wake,baseline-light-period,Eugene
theta,sr_wm_ref,195552.07666833277,wake,baseline-light-period,Eugene
fast_gamma,mpta_wm_ref,1442.7853233493554,wake,baseline-light-period,Eugene
fast_gamma,sr_wm_ref,6276.920345321174,wake,baseline-light-period,Eugene
low_delta,mpta_wm_ref,44966.15737375839,all-SPW-states,baseline-light-period,Eugene
low_delta,sr_wm_ref,64859.0407204814,all-SPW-states,baseline-light-period,Eugene
delta,mpta_wm_ref,150555.00178608764,all-SPW-states,baseline-light-period,Eugene
delta,sr_wm_ref,210855.27875196308,all-SPW-states,baseline-light-period,Eugene
theta,mpta_wm_ref,36681.8413305896,all-SPW-states,baseline-light-period,Eugene
theta,sr_wm_ref,215945.50284383836,all-SPW-states,baseline-light-period,Eugene
fast_gamma,mpta_wm_ref,1342.598403452484,all-SPW-states,baseline-light-period,Eugene
fast_gamma,sr_wm_ref,6748.346938116694,all-SPW-states,baseline-light-period,Eugene
low_delta,mpta_wm_ref,54416.283953609556,NREM,first2h-recovery-match,Eugene
low_delta,sr_wm_ref,66980.25625457206,NREM,first2h-recovery-match,Eugene
delta,mpta_wm_ref,136917.387612396,NREM,first2h-recovery-match,Eugene
delta,sr_wm_ref,241123.56117718393,NREM,first2h-recovery-match,Eugene
theta,mpta_wm_ref,56747.652833510736,NREM,first2h-recovery-match,Eugene
theta,sr_wm_ref,288975.51746280876,NREM,first2h-recovery-match,Eugene
fast_gamma,mpta_wm_ref,1421.7792203340896,NREM,first2h-recovery-match,Eugene
fast_gamma,sr_wm_ref,11424.37067322973,NREM,first2h-recovery-match,Eugene
low_delta,mpta_wm_ref,13844.754757672428,wake,first2h-recovery-match,Eugene
low_delta,sr_wm_ref,52535.70350219829,wake,first2h-recovery-match,Eugene
delta,mpta_wm_ref,23080.285400097706,wake,first2h-recovery-match,Eugene
delta,sr_wm_ref,159661.77459703796,wake,first2h-recovery-match,Eugene
theta,mpta_wm_ref,10812.692068156286,wake,first2h-recovery-match,Eugene
theta,sr_wm_ref,203935.2191888802,wake,first2h-recovery-match,Eugene
fast_gamma,mpta_wm_ref,1454.387457950932,wake,first2h-recovery-match,Eugene
fast_gamma,sr_wm_ref,7053.06303370013,wake,first2h-recovery-match,Eugene
low_delta,mpta_wm_ref,37308.12639898421,all-SPW-states,first2h-recovery-match,Eugene
low_delta,sr_wm_ref,73234.54051339031,all-SPW-states,first2h-recovery-match,Eugene
delta,mpta_wm_ref,91861.44328798284,all-SPW-states,first2h-recovery-match,Eugene
delta,sr_wm_ref,235252.90284517704,all-SPW-states,first2h-recovery-match,Eugene
theta,mpta_wm_ref,39156.7209209234,all-SPW-states,first2h-recovery-match,Eugene
theta,sr_wm_ref,240892.31573398595,all-SPW-states,first2h-recovery-match,Eugene
fast_gamma,mpta_wm_ref,1319.7237464923123,all-SPW-states,first2h-recovery-match,Eugene
fast_gamma,sr_wm_ref,8881.317166758228,all-SPW-states,first2h-recovery-match,Eugene
low_delta,mpta_wm_ref,,NREM,deprivation,Eugene
low_delta,sr_wm_ref,,NREM,deprivation,Eugene
delta,mpta_wm_ref,,NREM,deprivation,Eugene
delta,sr_wm_ref,,NREM,deprivation,Eugene
theta,mpta_wm_ref,,NREM,deprivation,Eugene
theta,sr_wm_ref,,NREM,deprivation,Eugene
fast_gamma,mpta_wm_ref,,NREM,deprivation,Eugene
fast_gamma,sr_wm_ref,,NREM,deprivation,Eugene
low_delta,mpta_wm_ref,6549.687844317022,wake,deprivation,Eugene
low_delta,sr_wm_ref,51172.33705564611,wake,deprivation,Eugene
delta,mpta_wm_ref,17365.596212983524,wake,deprivation,Eugene
delta,sr_wm_ref,159399.2708193111,wake,deprivation,Eugene
theta,mpta_wm_ref,11291.222777003246,wake,deprivation,Eugene
theta,sr_wm_ref,209982.6290512137,wake,deprivation,Eugene
fast_gamma,mpta_wm_ref,2079.8572492873795,wake,deprivation,Eugene
fast_gamma,sr_wm_ref,10489.325426310832,wake,deprivation,Eugene
low_delta,mpta_wm_ref,6549.687844317022,all-SPW-states,deprivation,Eugene
low_delta,sr_wm_ref,51172.33705564611,all-SPW-states,deprivation,Eugene
delta,mpta_wm_ref,17365.596212983524,all-SPW-states,deprivation,Eugene
delta,sr_wm_ref,159399.2708193111,all-SPW-states,deprivation,Eugene
theta,mpta_wm_ref,11291.222777003246,all-SPW-states,deprivation,Eugene
theta,sr_wm_ref,209982.6290512137,all-SPW-states,deprivation,Eugene
fast_gamma,mpta_wm_ref,2079.8572492873795,all-SPW-states,deprivation,Eugene
fast_gamma,sr_wm_ref,10489.325426310832,all-SPW-states,deprivation,Eugene
low_delta,mpta_wm_ref,,NREM,early-deprivation,Eugene
low_delta,sr_wm_ref,,NREM,early-deprivation,Eugene
delta,mpta_wm_ref,,NREM,early-deprivation,Eugene
delta,sr_wm_ref,,NREM,early-deprivation,Eugene
theta,mpta_wm_ref,,NREM,early-deprivation,Eugene
theta,sr_wm_ref,,NREM,early-deprivation,Eugene
fast_gamma,mpta_wm_ref,,NREM,early-deprivation,Eugene
fast_gamma,sr_wm_ref,,NREM,early-deprivation,Eugene
low_delta,mpta_wm_ref,4993.614438209544,wake,early-deprivation,Eugene
low_delta,sr_wm_ref,35529.1789794004,wake,early-deprivation,Eugene
delta,mpta_wm_ref,10679.591718235022,wake,early-deprivation,Eugene
delta,sr_wm_ref,110149.1284319962,wake,early-deprivation,Eugene
theta,mpta_wm_ref,8567.330435331274,wake,early-deprivation,Eugene
theta,sr_wm_ref,190446.95968487315,wake,early-deprivation,Eugene
fast_gamma,mpta_wm_ref,1965.549675320807,wake,early-deprivation,Eugene
fast_gamma,sr_wm_ref,10351.042813334881,wake,early-deprivation,Eugene
low_delta,mpta_wm_ref,4993.614438209544,all-SPW-states,early-deprivation,Eugene
low_delta,sr_wm_ref,35529.1789794004,all-SPW-states,early-deprivation,Eugene
delta,mpta_wm_ref,10679.591718235022,all-SPW-states,early-deprivation,Eugene
delta,sr_wm_ref,110149.1284319962,all-SPW-states,early-deprivation,Eugene
theta,mpta_wm_ref,8567.330435331274,all-SPW-states,early-deprivation,Eugene
theta,sr_wm_ref,190446.95968487315,all-SPW-states,early-deprivation,Eugene
fast_gamma,mpta_wm_ref,1965.549675320807,all-SPW-states,early-deprivation,Eugene
fast_gamma,sr_wm_ref,10351.042813334881,all-SPW-states,early-deprivation,Eugene
low_delta,mpta_wm_ref,,NREM,late-deprivation,Eugene
low_delta,sr_wm_ref,,NREM,late-deprivation,Eugene
delta,mpta_wm_ref,,NREM,late-deprivation,Eugene
delta,sr_wm_ref,,NREM,late-deprivation,Eugene
theta,mpta_wm_ref,,NREM,late-deprivation,Eugene
theta,sr_wm_ref,,NREM,late-deprivation,Eugene
fast_gamma,mpta_wm_ref,,NREM,late-deprivation,Eugene
fast_gamma,sr_wm_ref,,NREM,late-deprivation,Eugene
low_delta,mpta_wm_ref,5854.871510473963,wake,late-deprivation,Eugene
low_delta,sr_wm_ref,63174.89256512114,wake,late-deprivation,Eugene
delta,mpta_wm_ref,17724.61299323913,wake,late-deprivation,Eugene
delta,sr_wm_ref,189572.9813846273,wake,late-deprivation,Eugene
theta,mpta_wm_ref,11871.964268291838,wake,late-deprivation,Eugene
theta,sr_wm_ref,240394.3523310496,wake,late-deprivation,Eugene
fast_gamma,mpta_wm_ref,2122.591830995879,wake,late-deprivation,Eugene
fast_gamma,sr_wm_ref,10858.559646019636,wake,late-deprivation,Eugene
low_delta,mpta_wm_ref,5854.871510473963,all-SPW-states,late-deprivation,Eugene
low_delta,sr_wm_ref,63174.89256512114,all-SPW-states,late-deprivation,Eugene
delta,mpta_wm_ref,17724.61299323913,all-SPW-states,late-deprivation,Eugene
delta,sr_wm_ref,189572.9813846273,all-SPW-states,late-deprivation,Eugene
theta,mpta_wm_ref,11871.964268291838,all-SPW-states,late-deprivation,Eugene
theta,sr_wm_ref,240394.3523310496,all-SPW-states,late-deprivation,Eugene
fast_gamma,mpta_wm_ref,2122.591830995879,all-SPW-states,late-deprivation,Eugene
fast_gamma,sr_wm_ref,10858.559646019636,all-SPW-states,late-deprivation,Eugene
low_delta,mpta_wm_ref,94942.08196385884,NREM,recovery,Allan
low_delta,sr_wm_ref,87117.57767539019,NREM,recovery,Allan
delta,mpta_wm_ref,704340.4060448399,NREM,recovery,Allan
delta,sr_wm_ref,347788.7367688261,NREM,recovery,Allan
theta,mpta_wm_ref,118992.71767454984,NREM,recovery,Allan
theta,sr_wm_ref,179522.00580951743,NREM,recovery,Allan
fast_gamma,mpta_wm_ref,1265.8172501977674,NREM,recovery,Allan
fast_gamma,sr_wm_ref,9460.70846604013,NREM,recovery,Allan
low_delta,mpta_wm_ref,14284.636667926274,wake,recovery,Allan
low_delta,sr_wm_ref,44524.59830363405,wake,recovery,Allan
delta,mpta_wm_ref,62498.15819479149,wake,recovery,Allan
delta,sr_wm_ref,162311.65737787794,wake,recovery,Allan
theta,mpta_wm_ref,26749.0772069705,wake,recovery,Allan
theta,sr_wm_ref,107966.74500107749,wake,recovery,Allan
fast_gamma,mpta_wm_ref,1637.6071919878177,wake,recovery,Allan
fast_gamma,sr_wm_ref,5804.549702949822,wake,recovery,Allan
low_delta,mpta_wm_ref,76887.37848011842,all-SPW-states,recovery,Allan
low_delta,sr_wm_ref,76879.58799711948,all-SPW-states,recovery,Allan
delta,mpta_wm_ref,546694.7349555669,all-SPW-states,recovery,Allan
delta,sr_wm_ref,301816.9825210273,all-SPW-states,recovery,Allan
theta,mpta_wm_ref,103586.86978473836,all-SPW-states,recovery,Allan
theta,sr_wm_ref,164334.48599120835,all-SPW-states,recovery,Allan
fast_gamma,mpta_wm_ref,1331.9191125651264,all-SPW-states,recovery,Allan
fast_gamma,sr_wm_ref,8553.027826048135,all-SPW-states,recovery,Allan
low_delta,mpta_wm_ref,98956.49292654624,NREM,early-recovery,Allan
low_delta,sr_wm_ref,98142.57710515142,NREM,early-recovery,Allan
delta,mpta_wm_ref,941387.7281298107,NREM,early-recovery,Allan
delta,sr_wm_ref,403576.52652148664,NREM,early-recovery,Allan
theta,mpta_wm_ref,149848.3227535818,NREM,early-recovery,Allan
theta,sr_wm_ref,201369.0222707395,NREM,early-recovery,Allan
fast_gamma,mpta_wm_ref,1240.2501124926564,NREM,early-recovery,Allan
fast_gamma,sr_wm_ref,10434.474840516588,NREM,early-recovery,Allan
low_delta,mpta_wm_ref,14284.636667926274,wake,early-recovery,Allan
low_delta,sr_wm_ref,44524.59830363405,wake,early-recovery,Allan
delta,mpta_wm_ref,62498.15819479149,wake,early-recovery,Allan
delta,sr_wm_ref,162311.65737787794,wake,early-recovery,Allan
theta,mpta_wm_ref,26749.0772069705,wake,early-recovery,Allan
theta,sr_wm_ref,107966.74500107749,wake,early-recovery,Allan
fast_gamma,mpta_wm_ref,1637.6071919878177,wake,early-recovery,Allan
fast_gamma,sr_wm_ref,5804.549702949822,wake,early-recovery,Allan
low_delta,mpta_wm_ref,78654.47291338495,all-SPW-states,early-recovery,Allan
low_delta,sr_wm_ref,82266.32875383625,all-SPW-states,early-recovery,Allan
delta,mpta_wm_ref,765560.0868805052,all-SPW-states,early-recovery,Allan
delta,sr_wm_ref,344491.4926744579,all-SPW-states,early-recovery,Allan
theta,mpta_wm_ref,136542.45014690302,all-SPW-states,early-recovery,Allan
theta,sr_wm_ref,185651.34839685773,all-SPW-states,early-recovery,Allan
fast_gamma,mpta_wm_ref,1339.5909237413302,all-SPW-states,early-recovery,Allan
fast_gamma,sr_wm_ref,9977.24801835795,all-SPW-states,early-recovery,Allan
low_delta,mpta_wm_ref,70463.7682484979,NREM,late-recovery,Allan
low_delta,sr_wm_ref,76617.05648259887,NREM,late-recovery,Allan
delta,mpta_wm_ref,394854.2511104195,NREM,late-recovery,Allan
delta,sr_wm_ref,302409.30384823546,NREM,late-recovery,Allan
theta,mpta_wm_ref,94033.23712995963,NREM,late-recovery,Allan
theta,sr_wm_ref,167914.33811855927,NREM,late-recovery,Allan
fast_gamma,mpta_wm_ref,1315.5745776479428,NREM,late-recovery,Allan
fast_gamma,sr_wm_ref,9782.80507848936,NREM,late-recovery,Allan
low_delta,mpta_wm_ref,14284.636667926274,wake,late-recovery,Allan
low_delta,sr_wm_ref,44524.59830363405,wake,late-recovery,Allan
delta,mpta_wm_ref,62498.15819479149,wake,late-recovery,Allan
delta,sr_wm_ref,162311.65737787794,wake,late-recovery,Allan
theta,mpta_wm_ref,26749.0772069705,wake,late-recovery,Allan
theta,sr_wm_ref,107966.74500107749,wake,late-recovery,Allan
fast_gamma,mpta_wm_ref,1637.6071919878177,wake,late-recovery,Allan
fast_gamma,sr_wm_ref,5804.549702949822,wake,late-recovery,Allan
low_delta,mpta_wm_ref,54636.64128690567,all-SPW-states,late-recovery,Allan
low_delta,sr_wm_ref,67275.96510029004,all-SPW-states,late-recovery,Allan
delta,mpta_wm_ref,253181.4996281107,all-SPW-states,late-recovery,Allan
delta,sr_wm_ref,245988.95823013416,all-SPW-states,late-recovery,Allan
theta,mpta_wm_ref,77517.17323098367,all-SPW-states,late-recovery,Allan
theta,sr_wm_ref,152776.31917419515,all-SPW-states,late-recovery,Allan
fast_gamma,mpta_wm_ref,1434.995658475289,all-SPW-states,late-recovery,Allan
fast_gamma,sr_wm_ref,8419.141948558332,all-SPW-states,late-recovery,Allan
low_delta,mpta_wm_ref,105533.72755173504,NREM,first2h-recovery,Allan
low_delta,sr_wm_ref,91469.50358722275,NREM,first2h-recovery,Allan
delta,mpta_wm_ref,854412.4884523553,NREM,first2h-recovery,Allan
delta,sr_wm_ref,370018.9042105682,NREM,first2h-recovery,Allan
theta,mpta_wm_ref,131441.68252542065,NREM,first2h-recovery,Allan
theta,sr_wm_ref,186290.06339334822,NREM,first2h-recovery,Allan
fast_gamma,mpta_wm_ref,1243.175046651163,NREM,first2h-recovery,Allan
fast_gamma,sr_wm_ref,9423.743054219325,NREM,first2h-recovery,Allan
low_delta,mpta_wm_ref,14284.636667926274,wake,first2h-recovery,Allan
low_delta,sr_wm_ref,44524.59830363405,wake,first2h-recovery,Allan
delta,mpta_wm_ref,62498.15819479149,wake,first2h-recovery,Allan
delta,sr_wm_ref,162311.65737787794,wake,first2h-recovery,Allan
theta,mpta_wm_ref,26749.0772069705,wake,first2h-recovery,Allan
theta,sr_wm_ref,107966.74500107749,wake,first2h-recovery,Allan
fast_gamma,mpta_wm_ref,1637.6071919878177,wake,first2h-recovery,Allan
fast_gamma,sr_wm_ref,5804.549702949822,wake,first2h-recovery,Allan
low_delta,mpta_wm_ref,88079.95042449917,all-SPW-states,first2h-recovery,Allan
low_delta,sr_wm_ref,85487.22655872296,all-SPW-states,first2h-recovery,Allan
delta,mpta_wm_ref,728061.8256605838,all-SPW-states,first2h-recovery,Allan
delta,sr_wm_ref,344537.74622142775,all-SPW-states,first2h-recovery,Allan
theta,mpta_wm_ref,126305.93381813903,all-SPW-states,first2h-recovery,Allan
theta,sr_wm_ref,179577.7353933629,all-SPW-states,first2h-recovery,Allan
fast_gamma,mpta_wm_ref,1295.8515656117142,all-SPW-states,first2h-recovery,Allan
fast_gamma,sr_wm_ref,9000.791593089516,all-SPW-states,first2h-recovery,Allan
low_delta,mpta_wm_ref,50239.57438247228,NREM,baseline-light-period,Allan
low_delta,sr_wm_ref,71761.01783107227,NREM,baseline-light-period,Allan
delta,mpta_wm_ref,328467.36341148545,NREM,baseline-light-period,Allan
delta,sr_wm_ref,287033.7905529979,NREM,baseline-light-period,Allan
theta,mpta_wm_ref,93424.14122831958,NREM,baseline-light-period,Allan
theta,sr_wm_ref,168853.2419566627,NREM,baseline-light-period,Allan
fast_gamma,mpta_wm_ref,1240.5649044862778,NREM,baseline-light-period,Allan
fast_gamma,sr_wm_ref,9412.213154164363,NREM,baseline-light-period,Allan
low_delta,mpta_wm_ref,8273.173957207939,wake,baseline-light-period,Allan
low_delta,sr_wm_ref,39786.658597408445,wake,baseline-light-period,Allan
delta,mpta_wm_ref,26556.073865754166,wake,baseline-light-period,Allan
delta,sr_wm_ref,137379.67198199005,wake,baseline-light-period,Allan
theta,mpta_wm_ref,16761.966365355816,wake,baseline-light-period,Allan
theta,sr_wm_ref,96450.11778660481,wake,baseline-light-period,Allan
fast_gamma,mpta_wm_ref,1613.4133483031917,wake,baseline-light-period,Allan
fast_gamma,sr_wm_ref,5732.233619528842,wake,baseline-light-period,Allan
low_delta,mpta_wm_ref,30898.071946991553,all-SPW-states,baseline-light-period,Allan
low_delta,sr_wm_ref,58207.57195187711,all-SPW-states,baseline-light-period,Allan
delta,mpta_wm_ref,182260.78821470207,all-SPW-states,baseline-light-period,Allan
delta,sr_wm_ref,220855.87822217445,all-SPW-states,baseline-light-period,Allan
theta,mpta_wm_ref,60483.581022112114,all-SPW-states,baseline-light-period,Allan
theta,sr_wm_ref,137382.02264815298,all-SPW-states,baseline-light-period,Allan
fast_gamma,mpta_wm_ref,1385.5805201084954,all-SPW-states,baseline-light-period,Allan
fast_gamma,sr_wm_ref,7693.64463188591,all-SPW-states,baseline-light-period,Allan
low_delta,mpta_wm_ref,42687.4946409505,NREM,first2h-recovery-match,Allan
low_delta,sr_wm_ref,70932.01260305762,NREM,first2h-recovery-match,Allan
delta,mpta_wm_ref,233590.92241565321,NREM,first2h-recovery-match,Allan
delta,sr_wm_ref,273034.5481747453,NREM,first2h-recovery-match,Allan
theta,mpta_wm_ref,83130.72387941762,NREM,first2h-recovery-match,Allan
theta,sr_wm_ref,166333.6085123797,NREM,first2h-recovery-match,Allan
fast_gamma,mpta_wm_ref,1239.087699101539,NREM,first2h-recovery-match,Allan
fast_gamma,sr_wm_ref,9580.459409662059,NREM,first2h-recovery-match,Allan
low_delta,mpta_wm_ref,8338.244859669356,wake,first2h-recovery-match,Allan
low_delta,sr_wm_ref,36124.50192454883,wake,first2h-recovery-match,Allan
delta,mpta_wm_ref,27632.21834736203,wake,first2h-recovery-match,Allan
delta,sr_wm_ref,125988.6474503539,wake,first2h-recovery-match,Allan
theta,mpta_wm_ref,17406.4027526337,wake,first2h-recovery-match,Allan
theta,sr_wm_ref,96786.58796495124,wake,first2h-recovery-match,Allan
fast_gamma,mpta_wm_ref,1532.6600416904585,wake,first2h-recovery-match,Allan
fast_gamma,sr_wm_ref,5357.372924416928,wake,first2h-recovery-match,Allan
low_delta,mpta_wm_ref,34543.055918535836,all-SPW-states,first2h-recovery-match,Allan
low_delta,sr_wm_ref,61445.85341724177,all-SPW-states,first2h-recovery-match,Allan
delta,mpta_wm_ref,184765.16687429615,all-SPW-states,first2h-recovery-match,Allan
delta,sr_wm_ref,237851.29772310183,all-SPW-states,first2h-recovery-match,Allan
theta,mpta_wm_ref,68017.79557083035,all-SPW-states,first2h-recovery-match,Allan
theta,sr_wm_ref,146560.87573022908,all-SPW-states,first2h-recovery-match,Allan
fast_gamma,mpta_wm_ref,1261.963884960776,all-SPW-states,first2h-recovery-match,Allan
fast_gamma,sr_wm_ref,7983.052485933388,all-SPW-states,first2h-recovery-match,Allan
low_delta,mpta_wm_ref,,NREM,deprivation,Allan
low_delta,sr_wm_ref,,NREM,deprivation,Allan
delta,mpta_wm_ref,,NREM,deprivation,Allan
delta,sr_wm_ref,,NREM,deprivation,Allan
theta,mpta_wm_ref,,NREM,deprivation,Allan
theta,sr_wm_ref,,NREM,deprivation,Allan
fast_gamma,mpta_wm_ref,,NREM,deprivation,Allan
fast_gamma,sr_wm_ref,,NREM,deprivation,Allan
low_delta,mpta_wm_ref,11679.733131184348,wake,deprivation,Allan
low_delta,sr_wm_ref,53777.71370358221,wake,deprivation,Allan
delta,mpta_wm_ref,30594.193335360076,wake,deprivation,Allan
delta,sr_wm_ref,190288.70522117824,wake,deprivation,Allan
theta,mpta_wm_ref,17218.25482277258,wake,deprivation,Allan
theta,sr_wm_ref,111133.37997573742,wake,deprivation,Allan
fast_gamma,mpta_wm_ref,2309.7453947788426,wake,deprivation,Allan
fast_gamma,sr_wm_ref,8663.174339349089,wake,deprivation,Allan
low_delta,mpta_wm_ref,11679.733131184348,all-SPW-states,deprivation,Allan
low_delta,sr_wm_ref,53777.71370358221,all-SPW-states,deprivation,Allan
delta,mpta_wm_ref,30594.193335360076,all-SPW-states,deprivation,Allan
delta,sr_wm_ref,190288.70522117824,all-SPW-states,deprivation,Allan
theta,mpta_wm_ref,17218.25482277258,all-SPW-states,deprivation,Allan
theta,sr_wm_ref,111133.37997573742,all-SPW-states,deprivation,Allan
fast_gamma,mpta_wm_ref,2309.7453947788426,all-SPW-states,deprivation,Allan
fast_gamma,sr_wm_ref,8663.174339349089,all-SPW-states,deprivation,Allan
low_delta,mpta_wm_ref,,NREM,early-deprivation,Allan
low_delta,sr_wm_ref,,NREM,early-deprivation,Allan
delta,mpta_wm_ref,,NREM,early-deprivation,Allan
delta,sr_wm_ref,,NREM,early-deprivation,Allan
theta,mpta_wm_ref,,NREM,early-deprivation,Allan
theta,sr_wm_ref,,NREM,early-deprivation,Allan
fast_gamma,mpta_wm_ref,,NREM,early-deprivation,Allan
fast_gamma,sr_wm_ref,,NREM,early-deprivation,Allan
low_delta,mpta_wm_ref,11928.602328635632,wake,early-deprivation,Allan
low_delta,sr_wm_ref,50522.88413869169,wake,early-deprivation,Allan
delta,mpta_wm_ref,26223.399042802375,wake,early-deprivation,Allan
delta,sr_wm_ref,167931.90771809622,wake,early-deprivation,Allan
theta,mpta_wm_ref,13478.517626153667,wake,early-deprivation,Allan
theta,sr_wm_ref,101120.3282854909,wake,early-deprivation,Allan
fast_gamma,mpta_wm_ref,2125.2784288192806,wake,early-deprivation,Allan
fast_gamma,sr_wm_ref,7549.61011335705,wake,early-deprivation,Allan
low_delta,mpta_wm_ref,11928.602328635632,all-SPW-states,early-deprivation,Allan
low_delta,sr_wm_ref,50522.88413869169,all-SPW-states,early-deprivation,Allan
delta,mpta_wm_ref,26223.399042802375,all-SPW-states,early-deprivation,Allan
delta,sr_wm_ref,167931.90771809622,all-SPW-states,early-deprivation,Allan
theta,mpta_wm_ref,13478.517626153667,all-SPW-states,early-deprivation,Allan
theta,sr_wm_ref,101120.3282854909,all-SPW-states,early-deprivation,Allan
fast_gamma,mpta_wm_ref,2125.2784288192806,all-SPW-states,early-deprivation,Allan
fast_gamma,sr_wm_ref,7549.61011335705,all-SPW-states,early-deprivation,Allan
low_delta,mpta_wm_ref,,NREM,late-deprivation,Allan
low_delta,sr_wm_ref,,NREM,late-deprivation,Allan
delta,mpta_wm_ref,,NREM,late-deprivation,Allan
delta,sr_wm_ref,,NREM,late-deprivation,Allan
theta,mpta_wm_ref,,NREM,late-deprivation,Allan
theta,sr_wm_ref,,NREM,late-deprivation,Allan
fast_gamma,mpta_wm_ref,,NREM,late-deprivation,Allan
fast_gamma,sr_wm_ref,,NREM,late-deprivation,Allan
low_delta,mpta_wm_ref,12894.713512373344,wake,late-deprivation,Allan
low_delta,sr_wm_ref,57791.44364529798,wake,late-deprivation,Allan
delta,mpta_wm_ref,38028.52937095892,wake,late-deprivation,Allan
delta,sr_wm_ref,200852.1376214848,wake,late-deprivation,Allan
theta,mpta_wm_ref,18717.727236536095,wake,late-deprivation,Allan
theta,sr_wm_ref,118406.98124760605,wake,late-deprivation,Allan
fast_gamma,mpta_wm_ref,2256.484115432655,wake,late-deprivation,Allan
fast_gamma,sr_wm_ref,9488.148788789651,wake,late-deprivation,Allan
low_delta,mpta_wm_ref,12894.713512373344,all-SPW-states,late-deprivation,Allan
low_delta,sr_wm_ref,57791.44364529798,all-SPW-states,late-deprivation,Allan
delta,mpta_wm_ref,38028.52937095892,all-SPW-states,late-deprivation,Allan
delta,sr_wm_ref,200852.1376214848,all-SPW-states,late-deprivation,Allan
theta,mpta_wm_ref,18717.727236536095,all-SPW-states,late-deprivation,Allan
theta,sr_wm_ref,118406.98124760605,all-SPW-states,late-deprivation,Allan
fast_gamma,mpta_wm_ref,2256.484115432655,all-SPW-states,late-deprivation,Allan
fast_gamma,sr_wm_ref,9488.148788789651,all-SPW-states,late-deprivation,Allan
